id,email,Event Type,Message Name,Business Unit,Timestamp
1,ukolin0@newsvine.com,Sent Email,VACACIONES DE NAVIDAD,CENTRAL DIVISION,2024-02-06 00:00:00
2,khasted1@ameblo.jp,Sent Email,VACACIONES DE NAVIDAD,CENTRAL DIVISION,5/29/2024
3,msteagall2@cisco.com,Sent Email,VACACIONES DE NAVIDAD,CENTRAL DIVISION,2024-08-07 00:00:00
4,sdecristoforo3@naver.com,Sent Email,VACACIONES DE NAVIDAD,CENTRAL DIVISION,12/17/2024
5,rvonwelldun4@printfriendly.com,Sent Email,VACACIONES DE NAVIDAD,CENTRAL DIVISION,12/21/2023
6,naxtell5@samsung.com,Sent Email,VACACIONES DE NAVIDAD,CENTRAL DIVISION,
7,oliddell6@nature.com,Sent Email,VACACIONES DE NAVIDAD,CENTRAL DIVISION,
8,gsnelson7@ameblo.jp,Sent Email,VACACIONES DE NAVIDAD,CENTRAL DIVISION,
9,sdoyley8@reference.com,Sent Email,VACACIONES DE NAVIDAD,CENTRAL DIVISION,2024-08-09 00:00:00
10,lkynsey9@wikispaces.com,Sent Email,VACACIONES DE NAVIDAD,CENTRAL DIVISION,11/27/2024
11,jliverseegea@microsoft.com,Sent Email,VACACIONES DE NAVIDAD,CENTRAL DIVISION,
12,,Sent Email,VACACIONES DE NAVIDAD,CENTRAL DIVISION,2024-03-11 00:00:00
13,cshapirac@indiegogo.com,Sent Email,VACACIONES DE NAVIDAD,CENTRAL DIVISION,2024-08-06 00:00:00
14,sfollid@weibo.com,Sent Email,VACACIONES DE NAVIDAD,CENTRAL DIVISION,2024-06-01 00:00:00
15,rbuftone@amazon.de,Sent Email,VACACIONES DE NAVIDAD,CENTRAL DIVISION,2024-11-10 00:00:00
16,kyeomansf@apple.com,Sent Email,VACACIONES DE NAVIDAD,CENTRAL DIVISION,
17,tpiersong@naver.com,Sent Email,VACACIONES DE NAVIDAD,CENTRAL DIVISION,7/20/2024
18,wkeunekeh@twitter.com,Sent Email,VACACIONES DE NAVIDAD,CENTRAL DIVISION,6/18/2024
19,mcabrali@yelp.com,Sent Email,VACACIONES DE NAVIDAD,CENTRAL DIVISION,11/22/2024
20,kmoorcraftj@geocities.jp,Sent Email,VACACIONES DE NAVIDAD,CENTRAL DIVISION,2024-02-10 00:00:00
21,rlindgrenk@clickbank.net,Sent Email,VACACIONES DE NAVIDAD,CENTRAL DIVISION,2024-12-02 00:00:00
22,rizzettl@instagram.com,Sent Email,VACACIONES DE NAVIDAD,CENTRAL DIVISION,2024-05-05 00:00:00
23,crowatm@livejournal.com,Sent Email,VACACIONES DE NAVIDAD,CENTRAL DIVISION,8/17/2024
24,igoslinn@studiopress.com,Sent Email,VACACIONES DE NAVIDAD,CENTRAL DIVISION,12/20/2023
25,asayeo@sciencedaily.com,Sent Email,VACACIONES DE NAVIDAD,CENTRAL DIVISION,2/19/2024
26,nglasbeyp@posterous.com,Sent Email,VACACIONES DE NAVIDAD,CENTRAL DIVISION,4/26/2024
27,vbayfordq@ocn.ne.jp,Sent Email,VACACIONES DE NAVIDAD,CENTRAL DIVISION,1/31/2024
28,hcoder@un.org,Sent Email,VACACIONES DE NAVIDAD,CENTRAL DIVISION,3/31/2024
29,,Sent Email,VACACIONES DE NAVIDAD,CENTRAL DIVISION,2024-08-04 00:00:00
30,btierneyt@admin.ch,Sent Email,VACACIONES DE NAVIDAD,CENTRAL DIVISION,2024-12-11 00:00:00
31,tdorkensu@mac.com,Sent Email,VACACIONES DE NAVIDAD,CENTRAL DIVISION,10/17/2024
32,,Sent Email,VACACIONES DE NAVIDAD,CENTRAL DIVISION,2024-10-03 00:00:00
33,jinkerw@themeforest.net,Sent Email,VACACIONES DE NAVIDAD,CENTRAL DIVISION,2/22/2024
34,nchardinx@hubpages.com,Sent Email,VACACIONES DE NAVIDAD,CENTRAL DIVISION,1/29/2024
35,dgirkiny@privacy.gov.au,Sent Email,VACACIONES DE NAVIDAD,CENTRAL DIVISION,2/21/2024
36,mwilmingtonz@mapy.cz,Sent Email,VACACIONES DE NAVIDAD,CENTRAL DIVISION,
37,arhead10@nasa.gov,Sent Email,VACACIONES DE NAVIDAD,CENTRAL DIVISION,10/28/2024
38,hockland11@blogger.com,Sent Email,VACACIONES DE NAVIDAD,CENTRAL DIVISION,2/18/2024
39,jschukraft12@seesaa.net,Sent Email,VACACIONES DE NAVIDAD,CENTRAL DIVISION,7/24/2024
40,zrisson13@issuu.com,Sent Email,VACACIONES DE NAVIDAD,CENTRAL DIVISION,2024-01-02 00:00:00
41,mscemp14@google.es,Sent Email,VACACIONES DE NAVIDAD,CENTRAL DIVISION,
42,mthornebarrow15@etsy.com,Sent Email,VACACIONES DE NAVIDAD,CENTRAL DIVISION,
43,gdymick16@wiley.com,Sent Email,VACACIONES DE NAVIDAD,CENTRAL DIVISION,4/24/2024
44,ryurikov17@spotify.com,Sent Email,VACACIONES DE NAVIDAD,CENTRAL DIVISION,
45,hcasswell18@geocities.jp,Sent Email,VACACIONES DE NAVIDAD,CENTRAL DIVISION,2024-06-01 00:00:00
46,lgrayham19@whitehouse.gov,Sent Email,VACACIONES DE NAVIDAD,CENTRAL DIVISION,2024-10-09 00:00:00
47,,Sent Email,VACACIONES DE NAVIDAD,CENTRAL DIVISION,
48,ebetjes1b@cbslocal.com,Sent Email,VACACIONES DE NAVIDAD,CENTRAL DIVISION,2024-01-08 00:00:00
49,bdow1c@dropbox.com,Sent Email,VACACIONES DE NAVIDAD,CENTRAL DIVISION,2024-05-05 00:00:00
50,wclempton1d@theglobeandmail.com,Sent Email,VACACIONES DE NAVIDAD,CENTRAL DIVISION,10/28/2024
51,tkaiser1e@istockphoto.com,Sent Email,VACACIONES DE NAVIDAD,CENTRAL DIVISION,2024-10-12 00:00:00
52,mchaters1f@microsoft.com,Sent Email,VACACIONES DE NAVIDAD,CENTRAL DIVISION,2024-07-06 00:00:00
53,,Sent Email,VACACIONES DE NAVIDAD,CENTRAL DIVISION,3/18/2024
54,csmither1h@histats.com,Sent Email,VACACIONES DE NAVIDAD,CENTRAL DIVISION,2024-03-10 00:00:00
55,smacclancey1i@princeton.edu,Sent Email,VACACIONES DE NAVIDAD,CENTRAL DIVISION,1/31/2024
56,ffronczak1j@ed.gov,Sent Email,VACACIONES DE NAVIDAD,CENTRAL DIVISION,2024-02-11 00:00:00
57,mpadula1k@businessinsider.com,Sent Email,VACACIONES DE NAVIDAD,CENTRAL DIVISION,11/22/2024
58,hyushkov1l@ed.gov,Sent Email,VACACIONES DE NAVIDAD,CENTRAL DIVISION,12/14/2024
59,econichie1m@storify.com,Sent Email,VACACIONES DE NAVIDAD,CENTRAL DIVISION,2024-01-03 00:00:00
60,arubinsaft1n@wikipedia.org,Sent Email,VACACIONES DE NAVIDAD,CENTRAL DIVISION,2024-04-11 00:00:00
61,pdumbrell1o@flickr.com,Sent Email,VACACIONES DE NAVIDAD,CENTRAL DIVISION,2024-08-09 00:00:00
62,gbrimelow1p@buzzfeed.com,Sent Email,VACACIONES DE NAVIDAD,CENTRAL DIVISION,7/23/2024
63,scockley1q@un.org,Sent Email,VACACIONES DE NAVIDAD,CENTRAL DIVISION,10/29/2024
64,,Sent Email,VACACIONES DE NAVIDAD,CENTRAL DIVISION,10/15/2024
65,jmckibben1s@mac.com,Sent Email,VACACIONES DE NAVIDAD,CENTRAL DIVISION,12/22/2023
66,,Sent Email,VACACIONES DE NAVIDAD,CENTRAL DIVISION,3/25/2024
67,msherry1u@ezinearticles.com,Sent Email,VACACIONES DE NAVIDAD,CENTRAL DIVISION,1/16/2024
68,,Sent Email,VACACIONES DE NAVIDAD,CENTRAL DIVISION,2024-04-11 00:00:00
69,tlavens1w@facebook.com,Sent Email,VACACIONES DE NAVIDAD,CENTRAL DIVISION,8/30/2024
70,,Sent Email,VACACIONES DE NAVIDAD,CENTRAL DIVISION,2/26/2024
71,sshivlin1y@cbsnews.com,Sent Email,VACACIONES DE NAVIDAD,CENTRAL DIVISION,2024-04-10 00:00:00
72,lbristoe1z@jugem.jp,Sent Email,VACACIONES DE NAVIDAD,CENTRAL DIVISION,
73,bdenk20@nps.gov,Sent Email,VACACIONES DE NAVIDAD,CENTRAL DIVISION,
74,cgrene21@sohu.com,Sent Email,VACACIONES DE NAVIDAD,CENTRAL DIVISION,7/29/2024
75,lshannon22@t-online.de,Sent Email,VACACIONES DE NAVIDAD,CENTRAL DIVISION,1/25/2024
76,,Sent Email,VACACIONES DE NAVIDAD,CENTRAL DIVISION,2024-11-02 00:00:00
77,mlathan24@booking.com,Sent Email,VACACIONES DE NAVIDAD,CENTRAL DIVISION,2024-08-12 00:00:00
78,,Sent Email,VACACIONES DE NAVIDAD,CENTRAL DIVISION,11/13/2024
79,ccromwell26@marketwatch.com,Sent Email,VACACIONES DE NAVIDAD,CENTRAL DIVISION,8/18/2024
80,lhannen27@icio.us,Sent Email,VACACIONES DE NAVIDAD,CENTRAL DIVISION,8/31/2024
81,mpicard28@webnode.com,Sent Email,VACACIONES DE NAVIDAD,CENTRAL DIVISION,3/15/2024
82,lcorn29@dot.gov,Sent Email,VACACIONES DE NAVIDAD,CENTRAL DIVISION,2024-06-03 00:00:00
83,ldengate2a@va.gov,Sent Email,VACACIONES DE NAVIDAD,CENTRAL DIVISION,8/29/2024
84,gbrettell2b@freewebs.com,Sent Email,VACACIONES DE NAVIDAD,CENTRAL DIVISION,5/19/2024
85,jlevington2c@google.com,Sent Email,VACACIONES DE NAVIDAD,CENTRAL DIVISION,2024-02-01 00:00:00
86,mlepine2d@cbc.ca,Sent Email,VACACIONES DE NAVIDAD,CENTRAL DIVISION,3/13/2024
87,nswainger2e@seesaa.net,Sent Email,VACACIONES DE NAVIDAD,CENTRAL DIVISION,2024-02-09 00:00:00
88,ncleeve2f@aboutads.info,Sent Email,VACACIONES DE NAVIDAD,CENTRAL DIVISION,
89,ldepaoli2g@washington.edu,Sent Email,VACACIONES DE NAVIDAD,CENTRAL DIVISION,2/13/2024
90,jgarman2h@cdbaby.com,Sent Email,VACACIONES DE NAVIDAD,CENTRAL DIVISION,2024-07-06 00:00:00
91,,Sent Email,VACACIONES DE NAVIDAD,CENTRAL DIVISION,
92,kbenzie2j@istockphoto.com,Sent Email,VACACIONES DE NAVIDAD,CENTRAL DIVISION,2024-02-09 00:00:00
92,kbenzie2j@istockphoto.com,Sent Email,VACACIONES DE NAVIDAD,CENTRAL DIVISION,
93,cmartynov2k@google.fr,Sent Email,VACACIONES DE NAVIDAD,CENTRAL DIVISION,6/15/2024
94,srosetti2l@hp.com,Sent Email,VACACIONES DE NAVIDAD,CENTRAL DIVISION,3/25/2024
95,uscarborough2m@etsy.com,Sent Email,VACACIONES DE NAVIDAD,CENTRAL DIVISION,2024-05-10 00:00:00
96,cromagnosi2n@de.vu,Sent Email,VACACIONES DE NAVIDAD,CENTRAL DIVISION,8/23/2024
97,afurmage2o@ftc.gov,Sent Email,VACACIONES DE NAVIDAD,CENTRAL DIVISION,1/13/2024
98,bsothcott2p@patch.com,Sent Email,VACACIONES DE NAVIDAD,CENTRAL DIVISION,12/26/2023
99,pskey2q@imgur.com,Sent Email,VACACIONES DE NAVIDAD,CENTRAL DIVISION,9/19/2024
100,lwimmers2r@list-manage.com,Sent Email,VACACIONES DE NAVIDAD,CENTRAL DIVISION,4/19/2024
101,foriel2s@bluehost.com,Sent Email,VACACIONES DE NAVIDAD,CENTRAL DIVISION,8/18/2024
102,gbaxendale2t@prweb.com,Sent Email,VACACIONES DE NAVIDAD,CENTRAL DIVISION,
103,hyeldham2u@rambler.ru,Sent Email,VACACIONES DE NAVIDAD,CENTRAL DIVISION,6/21/2024
104,dguilloton2v@skype.com,Sent Email,VACACIONES DE NAVIDAD,CENTRAL DIVISION,3/18/2024
105,pdorward2w@hexun.com,Sent Email,VACACIONES DE NAVIDAD,CENTRAL DIVISION,12/27/2023
106,edaout2x@google.fr,Sent Email,VACACIONES DE NAVIDAD,CENTRAL DIVISION,
107,apogson2y@parallels.com,Sent Email,VACACIONES DE NAVIDAD,CENTRAL DIVISION,12/17/2024
108,cjeffs2z@imdb.com,Sent Email,VACACIONES DE NAVIDAD,CENTRAL DIVISION,12/14/2024
109,cnanson30@angelfire.com,Sent Email,VACACIONES DE NAVIDAD,CENTRAL DIVISION,2024-04-12 00:00:00
110,etodaro31@symantec.com,Sent Email,VACACIONES DE NAVIDAD,CENTRAL DIVISION,9/28/2024
111,mcocks32@jigsy.com,Sent Email,VACACIONES DE NAVIDAD,CENTRAL DIVISION,2024-02-12 00:00:00
112,,Sent Email,VACACIONES DE NAVIDAD,CENTRAL DIVISION,2024-09-03 00:00:00
113,ltrowler34@pinterest.com,Sent Email,VACACIONES DE NAVIDAD,CENTRAL DIVISION,12/21/2023
114,darnefield35@mlb.com,Sent Email,VACACIONES DE NAVIDAD,CENTRAL DIVISION,2024-08-02 00:00:00
115,vpauleit36@nymag.com,Sent Email,VACACIONES DE NAVIDAD,CENTRAL DIVISION,6/16/2024
116,ahatherleigh37@fema.gov,Sent Email,VACACIONES DE NAVIDAD,CENTRAL DIVISION,
117,,Sent Email,VACACIONES DE NAVIDAD,CENTRAL DIVISION,8/24/2024
118,cwallsworth39@utexas.edu,Sent Email,VACACIONES DE NAVIDAD,CENTRAL DIVISION,7/22/2024
119,dloude3a@google.com.hk,Sent Email,VACACIONES DE NAVIDAD,CENTRAL DIVISION,2024-08-04 00:00:00
120,mrushton3b@fda.gov,Sent Email,VACACIONES DE NAVIDAD,CENTRAL DIVISION,4/21/2024
121,tghidetti3c@4shared.com,Sent Email,VACACIONES DE NAVIDAD,CENTRAL DIVISION,2024-10-03 00:00:00
122,,Sent Email,VACACIONES DE NAVIDAD,CENTRAL DIVISION,
123,jwilmore3e@netscape.com,Sent Email,VACACIONES DE NAVIDAD,CENTRAL DIVISION,2024-03-07 00:00:00
124,vsackey3f@rediff.com,Sent Email,VACACIONES DE NAVIDAD,CENTRAL DIVISION,7/18/2024
125,okeeves3g@facebook.com,Sent Email,VACACIONES DE NAVIDAD,CENTRAL DIVISION,
126,emidford3h@booking.com,Sent Email,VACACIONES DE NAVIDAD,CENTRAL DIVISION,2/29/2024
127,klidgely3i@dell.com,Sent Email,VACACIONES DE NAVIDAD,CENTRAL DIVISION,5/13/2024
128,,Sent Email,VACACIONES DE NAVIDAD,CENTRAL DIVISION,9/22/2024
129,ggrinley3k@latimes.com,Sent Email,VACACIONES DE NAVIDAD,CENTRAL DIVISION,2024-09-09 00:00:00
130,lransley3l@dailymotion.com,Sent Email,VACACIONES DE NAVIDAD,CENTRAL DIVISION,8/24/2024
131,ktwine3m@bing.com,Sent Email,VACACIONES DE NAVIDAD,CENTRAL DIVISION,4/21/2024
132,bmatthaus3n@a8.net,Sent Email,VACACIONES DE NAVIDAD,CENTRAL DIVISION,
133,rmyall3o@arizona.edu,Sent Email,VACACIONES DE NAVIDAD,CENTRAL DIVISION,8/28/2024
134,gdrinkeld3p@ibm.com,Sent Email,VACACIONES DE NAVIDAD,CENTRAL DIVISION,10/28/2024
135,rarthurs3q@trellian.com,Sent Email,VACACIONES DE NAVIDAD,CENTRAL DIVISION,2024-09-04 00:00:00
136,mmountcastle3r@ifeng.com,Sent Email,VACACIONES DE NAVIDAD,CENTRAL DIVISION,9/16/2024
137,bshedden3s@twitpic.com,Sent Email,VACACIONES DE NAVIDAD,CENTRAL DIVISION,3/25/2024
138,atrubshawe3t@auda.org.au,Sent Email,VACACIONES DE NAVIDAD,CENTRAL DIVISION,2024-01-07 00:00:00
139,bdenyagin3u@facebook.com,Sent Email,VACACIONES DE NAVIDAD,CENTRAL DIVISION,8/26/2024
140,ypiggrem3v@com.com,Sent Email,VACACIONES DE NAVIDAD,CENTRAL DIVISION,11/18/2024
141,elevington3w@elpais.com,Sent Email,VACACIONES DE NAVIDAD,CENTRAL DIVISION,2024-06-09 00:00:00
142,cdows3x@adobe.com,Sent Email,VACACIONES DE NAVIDAD,CENTRAL DIVISION,2024-09-03 00:00:00
143,tbiswell3y@army.mil,Sent Email,VACACIONES DE NAVIDAD,CENTRAL DIVISION,1/16/2024
144,dsprankling3z@1und1.de,Sent Email,VACACIONES DE NAVIDAD,CENTRAL DIVISION,2024-07-02 00:00:00
145,rthumann40@mail.ru,Sent Email,VACACIONES DE NAVIDAD,CENTRAL DIVISION,7/16/2024
146,kpyrke41@imgur.com,Sent Email,VACACIONES DE NAVIDAD,CENTRAL DIVISION,7/28/2024
147,cbreslauer42@bbc.co.uk,Sent Email,VACACIONES DE NAVIDAD,CENTRAL DIVISION,2024-12-12 00:00:00
148,anorthing43@example.com,Sent Email,VACACIONES DE NAVIDAD,CENTRAL DIVISION,
149,ggaineofengland44@epa.gov,Sent Email,VACACIONES DE NAVIDAD,CENTRAL DIVISION,9/28/2024
150,ublackhurst45@accuweather.com,Sent Email,VACACIONES DE NAVIDAD,CENTRAL DIVISION,2024-06-04 00:00:00
151,sgotch46@unicef.org,Sent Email,VACACIONES DE NAVIDAD,CENTRAL DIVISION,2024-10-06 00:00:00
152,hboobier47@dailymotion.com,Sent Email,VACACIONES DE NAVIDAD,CENTRAL DIVISION,2024-06-12 00:00:00
153,cedmonds48@washingtonpost.com,Sent Email,VACACIONES DE NAVIDAD,CENTRAL DIVISION,8/22/2024
154,gcromer49@sun.com,Sent Email,VACACIONES DE NAVIDAD,CENTRAL DIVISION,5/15/2024
155,kgensavage4a@sogou.com,Sent Email,VACACIONES DE NAVIDAD,CENTRAL DIVISION,
156,ibinyon4b@techcrunch.com,Sent Email,VACACIONES DE NAVIDAD,CENTRAL DIVISION,4/30/2024
157,dbattabee4c@posterous.com,Sent Email,VACACIONES DE NAVIDAD,CENTRAL DIVISION,1/28/2024
158,wdye4d@japanpost.jp,Sent Email,VACACIONES DE NAVIDAD,CENTRAL DIVISION,9/20/2024
159,istoffers4e@t-online.de,Sent Email,VACACIONES DE NAVIDAD,CENTRAL DIVISION,2024-05-08 00:00:00
160,,Sent Email,VACACIONES DE NAVIDAD,CENTRAL DIVISION,4/25/2024
161,,Sent Email,VACACIONES DE NAVIDAD,CENTRAL DIVISION,
162,ulober4h@51.la,Sent Email,VACACIONES DE NAVIDAD,CENTRAL DIVISION,2024-05-02 00:00:00
163,nnewsome4i@joomla.org,Sent Email,VACACIONES DE NAVIDAD,CENTRAL DIVISION,8/13/2024
164,madair4j@cnbc.com,Sent Email,VACACIONES DE NAVIDAD,CENTRAL DIVISION,5/21/2024
165,eleah4k@ocn.ne.jp,Sent Email,VACACIONES DE NAVIDAD,CENTRAL DIVISION,9/19/2024
166,,Sent Email,VACACIONES DE NAVIDAD,CENTRAL DIVISION,6/15/2024
167,jnewart4m@apple.com,Sent Email,VACACIONES DE NAVIDAD,CENTRAL DIVISION,5/16/2024
168,laylward4n@sohu.com,Sent Email,VACACIONES DE NAVIDAD,CENTRAL DIVISION,
169,dwriter4o@bloglines.com,Sent Email,VACACIONES DE NAVIDAD,CENTRAL DIVISION,2/23/2024
170,wvongrollmann4p@engadget.com,Sent Email,VACACIONES DE NAVIDAD,CENTRAL DIVISION,6/27/2024
171,eyeoman4q@google.ru,Sent Email,VACACIONES DE NAVIDAD,CENTRAL DIVISION,6/29/2024
172,rnatte4r@blogger.com,Sent Email,VACACIONES DE NAVIDAD,CENTRAL DIVISION,8/16/2024
173,shubbins4s@dailymail.co.uk,Sent Email,VACACIONES DE NAVIDAD,CENTRAL DIVISION,12/26/2023
174,jbirtchnell4t@wisc.edu,Sent Email,VACACIONES DE NAVIDAD,CENTRAL DIVISION,7/16/2024
175,rshakelady4u@wikipedia.org,Sent Email,VACACIONES DE NAVIDAD,CENTRAL DIVISION,
176,arendell4v@dailymail.co.uk,Sent Email,VACACIONES DE NAVIDAD,CENTRAL DIVISION,6/20/2024
177,vgoulston4w@nytimes.com,Sent Email,VACACIONES DE NAVIDAD,CENTRAL DIVISION,2024-10-03 00:00:00
178,bferran4x@businessinsider.com,Sent Email,VACACIONES DE NAVIDAD,CENTRAL DIVISION,8/30/2024
179,knorrington4y@apache.org,Sent Email,VACACIONES DE NAVIDAD,CENTRAL DIVISION,7/16/2024
180,skeymer4z@4shared.com,Sent Email,VACACIONES DE NAVIDAD,CENTRAL DIVISION,2024-08-10 00:00:00
181,aaistrop50@dropbox.com,Sent Email,VACACIONES DE NAVIDAD,CENTRAL DIVISION,2024-10-10 00:00:00
182,mroncelli51@lulu.com,Sent Email,VACACIONES DE NAVIDAD,CENTRAL DIVISION,
183,,Sent Email,VACACIONES DE NAVIDAD,CENTRAL DIVISION,12/28/2023
184,sgozzett53@smh.com.au,Sent Email,VACACIONES DE NAVIDAD,CENTRAL DIVISION,7/19/2024
185,anono54@addtoany.com,Sent Email,VACACIONES DE NAVIDAD,CENTRAL DIVISION,7/31/2024
186,lborer55@pen.io,Sent Email,VACACIONES DE NAVIDAD,CENTRAL DIVISION,9/26/2024
187,rgrzeszczyk56@smugmug.com,Sent Email,VACACIONES DE NAVIDAD,CENTRAL DIVISION,9/23/2024
188,bgallgher57@vinaora.com,Sent Email,VACACIONES DE NAVIDAD,CENTRAL DIVISION,3/31/2024
189,bmcnevin58@hostgator.com,Sent Email,VACACIONES DE NAVIDAD,CENTRAL DIVISION,11/21/2024
190,rbrisker59@opera.com,Sent Email,VACACIONES DE NAVIDAD,CENTRAL DIVISION,4/15/2024
191,kbeldom5a@networkadvertising.org,Sent Email,VACACIONES DE NAVIDAD,CENTRAL DIVISION,2024-08-06 00:00:00
192,nlittledike5b@senate.gov,Sent Email,VACACIONES DE NAVIDAD,CENTRAL DIVISION,2024-02-04 00:00:00
193,nreckhouse5c@squidoo.com,Sent Email,VACACIONES DE NAVIDAD,CENTRAL DIVISION,11/25/2024
194,,Sent Email,VACACIONES DE NAVIDAD,CENTRAL DIVISION,2024-07-02 00:00:00
195,apitsall5e@mail.ru,Sent Email,VACACIONES DE NAVIDAD,CENTRAL DIVISION,3/18/2024
196,cmatyas5f@bing.com,Sent Email,VACACIONES DE NAVIDAD,CENTRAL DIVISION,
197,ereboul5g@xinhuanet.com,Sent Email,VACACIONES DE NAVIDAD,CENTRAL DIVISION,2024-08-07 00:00:00
198,bmccullum5h@trellian.com,Sent Email,VACACIONES DE NAVIDAD,CENTRAL DIVISION,9/18/2024
199,afrood5i@bandcamp.com,Sent Email,VACACIONES DE NAVIDAD,CENTRAL DIVISION,2024-09-06 00:00:00
200,cpowe5j@yahoo.com,Sent Email,VACACIONES DE NAVIDAD,CENTRAL DIVISION,4/13/2024
201,,Sent Email,VACACIONES DE NAVIDAD,CENTRAL DIVISION,
202,vwhittek5l@netlog.com,Sent Email,VACACIONES DE NAVIDAD,CENTRAL DIVISION,2024-11-04 00:00:00
203,nrosenfield5m@ucla.edu,Sent Email,VACACIONES DE NAVIDAD,CENTRAL DIVISION,4/30/2024
204,,Sent Email,VACACIONES DE NAVIDAD,CENTRAL DIVISION,8/17/2024
205,mmurray5o@goodreads.com,Sent Email,VACACIONES DE NAVIDAD,CENTRAL DIVISION,2024-09-10 00:00:00
206,ksillick5p@edublogs.org,Sent Email,VACACIONES DE NAVIDAD,CENTRAL DIVISION,
207,twallbanks5q@desdev.cn,Sent Email,VACACIONES DE NAVIDAD,CENTRAL DIVISION,7/21/2024
208,vattwooll5r@yandex.ru,Sent Email,VACACIONES DE NAVIDAD,CENTRAL DIVISION,2024-09-11 00:00:00
209,,Sent Email,VACACIONES DE NAVIDAD,CENTRAL DIVISION,2024-03-06 00:00:00
210,alampl5t@shop-pro.jp,Sent Email,VACACIONES DE NAVIDAD,CENTRAL DIVISION,5/28/2024
211,,Sent Email,VACACIONES DE NAVIDAD,CENTRAL DIVISION,
212,sglisane5v@wunderground.com,Sent Email,VACACIONES DE NAVIDAD,CENTRAL DIVISION,2024-09-11 00:00:00
213,hraunds5w@opera.com,Sent Email,VACACIONES DE NAVIDAD,CENTRAL DIVISION,12/22/2023
214,ctresvina5x@jugem.jp,Sent Email,VACACIONES DE NAVIDAD,CENTRAL DIVISION,8/21/2024
215,bblackden5y@privacy.gov.au,Sent Email,VACACIONES DE NAVIDAD,CENTRAL DIVISION,2024-04-02 00:00:00
216,czavittieri5z@wikispaces.com,Sent Email,VACACIONES DE NAVIDAD,CENTRAL DIVISION,2024-12-11 00:00:00
217,epinck60@businessweek.com,Sent Email,VACACIONES DE NAVIDAD,CENTRAL DIVISION,2024-11-05 00:00:00
218,bhainge61@biblegateway.com,Sent Email,VACACIONES DE NAVIDAD,CENTRAL DIVISION,
219,hpartner62@webs.com,Sent Email,VACACIONES DE NAVIDAD,CENTRAL DIVISION,12/29/2023
220,fgidley63@berkeley.edu,Sent Email,VACACIONES DE NAVIDAD,CENTRAL DIVISION,2024-01-03 00:00:00
221,bwallage64@lycos.com,Sent Email,VACACIONES DE NAVIDAD,CENTRAL DIVISION,11/27/2024
222,eallen65@slate.com,Sent Email,VACACIONES DE NAVIDAD,CENTRAL DIVISION,2024-03-01 00:00:00
223,cwrightson66@bbb.org,Sent Email,VACACIONES DE NAVIDAD,CENTRAL DIVISION,1/25/2024
224,,Sent Email,VACACIONES DE NAVIDAD,CENTRAL DIVISION,
225,lheinel68@tamu.edu,Sent Email,VACACIONES DE NAVIDAD,CENTRAL DIVISION,2024-05-03 00:00:00
226,,Sent Email,VACACIONES DE NAVIDAD,CENTRAL DIVISION,
227,amildner6a@guardian.co.uk,Sent Email,VACACIONES DE NAVIDAD,CENTRAL DIVISION,
228,qtatam6b@geocities.com,Sent Email,VACACIONES DE NAVIDAD,CENTRAL DIVISION,7/17/2024
229,lleys6c@adobe.com,Sent Email,VACACIONES DE NAVIDAD,CENTRAL DIVISION,2024-07-07 00:00:00
230,,Sent Email,VACACIONES DE NAVIDAD,CENTRAL DIVISION,8/25/2024
231,drudd6e@columbia.edu,Sent Email,VACACIONES DE NAVIDAD,CENTRAL DIVISION,
232,,Sent Email,VACACIONES DE NAVIDAD,CENTRAL DIVISION,
233,ahayland6g@redcross.org,Sent Email,VACACIONES DE NAVIDAD,CENTRAL DIVISION,3/15/2024
234,rpulley6h@mashable.com,Sent Email,VACACIONES DE NAVIDAD,CENTRAL DIVISION,2024-06-05 00:00:00
235,vtyrie6i@hubpages.com,Sent Email,VACACIONES DE NAVIDAD,CENTRAL DIVISION,2024-06-03 00:00:00
236,ehilldrup6j@dyndns.org,Sent Email,VACACIONES DE NAVIDAD,CENTRAL DIVISION,2024-11-05 00:00:00
237,,Sent Email,VACACIONES DE NAVIDAD,CENTRAL DIVISION,2024-08-11 00:00:00
238,ffrotton6l@sourceforge.net,Sent Email,VACACIONES DE NAVIDAD,CENTRAL DIVISION,2024-10-12 00:00:00
239,joheneghan6m@ycombinator.com,Sent Email,VACACIONES DE NAVIDAD,CENTRAL DIVISION,4/29/2024
240,htrowle6n@hugedomains.com,Sent Email,VACACIONES DE NAVIDAD,CENTRAL DIVISION,11/24/2024
241,dodaly6o@themeforest.net,Sent Email,VACACIONES DE NAVIDAD,CENTRAL DIVISION,10/29/2024
242,lingarfield6p@seesaa.net,Sent Email,VACACIONES DE NAVIDAD,CENTRAL DIVISION,2024-08-09 00:00:00
243,fkeener6q@squarespace.com,Sent Email,VACACIONES DE NAVIDAD,CENTRAL DIVISION,2024-07-02 00:00:00
244,wconan6r@netscape.com,Sent Email,VACACIONES DE NAVIDAD,CENTRAL DIVISION,2024-09-04 00:00:00
245,tmuncaster6s@samsung.com,Sent Email,VACACIONES DE NAVIDAD,CENTRAL DIVISION,2024-05-01 00:00:00
246,chick6t@cloudflare.com,Sent Email,VACACIONES DE NAVIDAD,CENTRAL DIVISION,8/21/2024
247,mwycherley6u@artisteer.com,Sent Email,VACACIONES DE NAVIDAD,CENTRAL DIVISION,3/26/2024
248,tspraging6v@earthlink.net,Sent Email,VACACIONES DE NAVIDAD,CENTRAL DIVISION,1/28/2024
249,avasler6w@ucoz.com,Sent Email,VACACIONES DE NAVIDAD,CENTRAL DIVISION,10/25/2024
250,bwincom6x@dmoz.org,Sent Email,VACACIONES DE NAVIDAD,CENTRAL DIVISION,12/23/2023
251,amunehay6y@soup.io,Sent Email,VACACIONES DE NAVIDAD,CENTRAL DIVISION,
252,hkellar6z@blinklist.com,Sent Email,VACACIONES DE NAVIDAD,CENTRAL DIVISION,2024-04-04 00:00:00
253,,Sent Email,VACACIONES DE NAVIDAD,CENTRAL DIVISION,2024-03-06 00:00:00
254,,Sent Email,VACACIONES DE NAVIDAD,CENTRAL DIVISION,3/31/2024
255,smcelvine72@plala.or.jp,Sent Email,VACACIONES DE NAVIDAD,CENTRAL DIVISION,7/28/2024
256,omulheron73@mapquest.com,Sent Email,VACACIONES DE NAVIDAD,CENTRAL DIVISION,9/21/2024
257,zdumbar74@techcrunch.com,Sent Email,VACACIONES DE NAVIDAD,CENTRAL DIVISION,2024-06-11 00:00:00
258,gfranzonello75@wikia.com,Sent Email,VACACIONES DE NAVIDAD,CENTRAL DIVISION,12/17/2024
259,,Sent Email,VACACIONES DE NAVIDAD,CENTRAL DIVISION,10/31/2024
260,mroelvink77@pen.io,Sent Email,VACACIONES DE NAVIDAD,CENTRAL DIVISION,7/15/2024
261,bspellissy78@chronoengine.com,Sent Email,VACACIONES DE NAVIDAD,CENTRAL DIVISION,2024-12-03 00:00:00
262,skleinert79@yellowbook.com,Sent Email,VACACIONES DE NAVIDAD,CENTRAL DIVISION,2024-08-02 00:00:00
263,aspeere7a@4shared.com,Sent Email,VACACIONES DE NAVIDAD,CENTRAL DIVISION,
264,lclemerson7b@twitpic.com,Sent Email,VACACIONES DE NAVIDAD,CENTRAL DIVISION,1/27/2024
265,escurman7c@google.fr,Sent Email,VACACIONES DE NAVIDAD,CENTRAL DIVISION,2024-05-12 00:00:00
266,amorais7d@wikia.com,Sent Email,VACACIONES DE NAVIDAD,CENTRAL DIVISION,11/25/2024
267,,Sent Email,VACACIONES DE NAVIDAD,CENTRAL DIVISION,2024-12-03 00:00:00
268,,Sent Email,VACACIONES DE NAVIDAD,CENTRAL DIVISION,2024-05-01 00:00:00
269,lcassar7g@wired.com,Sent Email,VACACIONES DE NAVIDAD,CENTRAL DIVISION,10/29/2024
270,ssilkstone7h@harvard.edu,Sent Email,VACACIONES DE NAVIDAD,CENTRAL DIVISION,2024-05-01 00:00:00
271,odougliss7i@hud.gov,Sent Email,VACACIONES DE NAVIDAD,CENTRAL DIVISION,2024-05-04 00:00:00
272,mickov7j@canalblog.com,Sent Email,VACACIONES DE NAVIDAD,CENTRAL DIVISION,2024-04-11 00:00:00
273,ethormwell7k@princeton.edu,Sent Email,VACACIONES DE NAVIDAD,CENTRAL DIVISION,2024-01-10 00:00:00
274,rgooch7l@blogtalkradio.com,Sent Email,VACACIONES DE NAVIDAD,CENTRAL DIVISION,2024-02-07 00:00:00
275,nnelthorpe7m@cam.ac.uk,Sent Email,VACACIONES DE NAVIDAD,CENTRAL DIVISION,2024-03-11 00:00:00
276,pahrendsen7n@surveymonkey.com,Sent Email,VACACIONES DE NAVIDAD,CENTRAL DIVISION,
277,bsawdon7o@godaddy.com,Sent Email,VACACIONES DE NAVIDAD,CENTRAL DIVISION,11/14/2024
278,ekivelle7p@sitemeter.com,Sent Email,VACACIONES DE NAVIDAD,CENTRAL DIVISION,2024-11-09 00:00:00
279,gprium7q@ted.com,Sent Email,VACACIONES DE NAVIDAD,CENTRAL DIVISION,2024-04-07 00:00:00
280,mblewmen7r@devhub.com,Sent Email,VACACIONES DE NAVIDAD,CENTRAL DIVISION,12/21/2023
281,ggodley7s@symantec.com,Sent Email,VACACIONES DE NAVIDAD,CENTRAL DIVISION,10/27/2024
282,ccabrera7t@gnu.org,Sent Email,VACACIONES DE NAVIDAD,CENTRAL DIVISION,2024-05-07 00:00:00
283,bestcourt7u@mail.ru,Sent Email,VACACIONES DE NAVIDAD,CENTRAL DIVISION,3/28/2024
284,elewisham7v@homestead.com,Sent Email,VACACIONES DE NAVIDAD,CENTRAL DIVISION,2024-12-09 00:00:00
285,fparrin7w@imdb.com,Sent Email,VACACIONES DE NAVIDAD,CENTRAL DIVISION,2024-12-08 00:00:00
286,blossman7x@chicagotribune.com,Sent Email,VACACIONES DE NAVIDAD,CENTRAL DIVISION,2024-04-07 00:00:00
287,rbrickstock7y@soup.io,Sent Email,VACACIONES DE NAVIDAD,CENTRAL DIVISION,2/27/2024
288,mglendinning7z@va.gov,Sent Email,VACACIONES DE NAVIDAD,CENTRAL DIVISION,9/16/2024
289,codoran80@unc.edu,Sent Email,VACACIONES DE NAVIDAD,CENTRAL DIVISION,2024-03-06 00:00:00
290,mpaladini81@ask.com,Sent Email,VACACIONES DE NAVIDAD,CENTRAL DIVISION,12/19/2023
291,aloveard82@icio.us,Sent Email,VACACIONES DE NAVIDAD,CENTRAL DIVISION,1/31/2024
292,cwickham83@apple.com,Sent Email,VACACIONES DE NAVIDAD,CENTRAL DIVISION,
293,jskewes84@columbia.edu,Sent Email,VACACIONES DE NAVIDAD,CENTRAL DIVISION,7/29/2024
294,aemslie85@phpbb.com,Sent Email,VACACIONES DE NAVIDAD,CENTRAL DIVISION,2024-11-09 00:00:00
295,,Sent Email,VACACIONES DE NAVIDAD,CENTRAL DIVISION,2024-05-05 00:00:00
296,acaldes87@tumblr.com,Sent Email,VACACIONES DE NAVIDAD,CENTRAL DIVISION,2024-08-04 00:00:00
297,,Sent Email,VACACIONES DE NAVIDAD,CENTRAL DIVISION,2/15/2024
298,sleighfield89@gravatar.com,Sent Email,VACACIONES DE NAVIDAD,CENTRAL DIVISION,2024-04-04 00:00:00
299,ostair8a@state.tx.us,Sent Email,VACACIONES DE NAVIDAD,CENTRAL DIVISION,2/26/2024
300,mainslee8b@samsung.com,Sent Email,VACACIONES DE NAVIDAD,CENTRAL DIVISION,5/31/2024
301,,Sent Email,VACACIONES DE NAVIDAD,CENTRAL DIVISION,
302,lhemphrey8d@imageshack.us,Sent Email,VACACIONES DE NAVIDAD,CENTRAL DIVISION,5/15/2024
303,clindenblatt8e@cdbaby.com,Sent Email,VACACIONES DE NAVIDAD,CENTRAL DIVISION,
304,tshorto8f@hhs.gov,Sent Email,VACACIONES DE NAVIDAD,CENTRAL DIVISION,7/25/2024
305,sleamon8g@dailymail.co.uk,Sent Email,VACACIONES DE NAVIDAD,CENTRAL DIVISION,2024-08-02 00:00:00
306,rproschek8h@miibeian.gov.cn,Sent Email,VACACIONES DE NAVIDAD,CENTRAL DIVISION,8/17/2024
307,jchingedehals8i@ihg.com,Sent Email,VACACIONES DE NAVIDAD,CENTRAL DIVISION,7/16/2024
308,,Sent Email,VACACIONES DE NAVIDAD,CENTRAL DIVISION,2024-02-05 00:00:00
309,tcapel8k@skype.com,Sent Email,VACACIONES DE NAVIDAD,CENTRAL DIVISION,12/15/2024
310,iburgen8l@bluehost.com,Sent Email,VACACIONES DE NAVIDAD,CENTRAL DIVISION,11/22/2024
311,cgecke8m@themeforest.net,Sent Email,VACACIONES DE NAVIDAD,CENTRAL DIVISION,3/15/2024
312,sbenjefield8n@answers.com,Sent Email,VACACIONES DE NAVIDAD,CENTRAL DIVISION,2024-10-06 00:00:00
313,,Sent Email,VACACIONES DE NAVIDAD,CENTRAL DIVISION,6/21/2024
314,lditch8p@tmall.com,Sent Email,VACACIONES DE NAVIDAD,CENTRAL DIVISION,11/16/2024
315,sferrettino8q@ucoz.ru,Sent Email,VACACIONES DE NAVIDAD,CENTRAL DIVISION,2024-02-03 00:00:00
316,riamittii8r@samsung.com,Sent Email,VACACIONES DE NAVIDAD,CENTRAL DIVISION,12/22/2023
317,tbriamo8s@irs.gov,Sent Email,VACACIONES DE NAVIDAD,CENTRAL DIVISION,
318,rpinkney8t@addthis.com,Sent Email,VACACIONES DE NAVIDAD,CENTRAL DIVISION,
319,ctomanek8u@xing.com,Sent Email,VACACIONES DE NAVIDAD,CENTRAL DIVISION,
320,,Sent Email,VACACIONES DE NAVIDAD,CENTRAL DIVISION,8/22/2024
321,rpauletti8w@sitemeter.com,Sent Email,VACACIONES DE NAVIDAD,CENTRAL DIVISION,2024-02-12 00:00:00
322,jfarman8x@earthlink.net,Sent Email,VACACIONES DE NAVIDAD,CENTRAL DIVISION,1/25/2024
323,,Sent Email,VACACIONES DE NAVIDAD,CENTRAL DIVISION,7/30/2024
324,mspridgeon8z@wordpress.com,Sent Email,VACACIONES DE NAVIDAD,CENTRAL DIVISION,2024-03-07 00:00:00
325,,Sent Email,VACACIONES DE NAVIDAD,CENTRAL DIVISION,12/15/2024
326,cduddy91@ifeng.com,Sent Email,VACACIONES DE NAVIDAD,CENTRAL DIVISION,8/30/2024
327,cdugood92@yelp.com,Sent Email,VACACIONES DE NAVIDAD,CENTRAL DIVISION,2024-08-04 00:00:00
328,gleabeater93@twitpic.com,Sent Email,VACACIONES DE NAVIDAD,CENTRAL DIVISION,1/15/2024
329,bceschini94@msu.edu,Sent Email,VACACIONES DE NAVIDAD,CENTRAL DIVISION,11/25/2024
330,emarjanski95@twitpic.com,Sent Email,VACACIONES DE NAVIDAD,CENTRAL DIVISION,9/26/2024
331,ddesantos96@free.fr,Sent Email,VACACIONES DE NAVIDAD,CENTRAL DIVISION,6/24/2024
332,shartop97@123-reg.co.uk,Sent Email,VACACIONES DE NAVIDAD,CENTRAL DIVISION,2024-11-05 00:00:00
333,,Open Email,VACACIONES DE NAVIDAD,CENTRAL DIVISION,2/13/2024
334,lphaup99@kickstarter.com,Open Email,VACACIONES DE NAVIDAD,CENTRAL DIVISION,10/20/2024
335,bbursell9a@php.net,Open Email,VACACIONES DE NAVIDAD,CENTRAL DIVISION,9/14/2024
336,chanshawe9b@gov.uk,Open Email,VACACIONES DE NAVIDAD,CENTRAL DIVISION,2/25/2024
337,,Open Email,VACACIONES DE NAVIDAD,CENTRAL DIVISION,3/20/2024
338,klevey9d@skype.com,Open Email,VACACIONES DE NAVIDAD,CENTRAL DIVISION,
339,rkrammer9e@a8.net,Open Email,VACACIONES DE NAVIDAD,CENTRAL DIVISION,2/14/2024
340,smaudett9f@friendfeed.com,Open Email,VACACIONES DE NAVIDAD,CENTRAL DIVISION,4/14/2024
341,rpanswick9g@kickstarter.com,Open Email,VACACIONES DE NAVIDAD,CENTRAL DIVISION,8/30/2024
342,wsproson9h@msu.edu,Open Email,VACACIONES DE NAVIDAD,CENTRAL DIVISION,2024-02-09 00:00:00
343,djewsbury9i@cisco.com,Open Email,VACACIONES DE NAVIDAD,CENTRAL DIVISION,10/26/2024
344,lmanville9j@istockphoto.com,Open Email,VACACIONES DE NAVIDAD,CENTRAL DIVISION,7/15/2024
345,bbellson9k@springer.com,Open Email,VACACIONES DE NAVIDAD,CENTRAL DIVISION,12/31/2023
346,solsson9l@unesco.org,Open Email,VACACIONES DE NAVIDAD,CENTRAL DIVISION,2024-11-05 00:00:00
347,kimison9m@yellowpages.com,Open Email,VACACIONES DE NAVIDAD,CENTRAL DIVISION,2024-09-08 00:00:00
348,hstirgess9n@vimeo.com,Open Email,VACACIONES DE NAVIDAD,CENTRAL DIVISION,2024-06-03 00:00:00
349,rstobbes9o@cpanel.net,Open Email,VACACIONES DE NAVIDAD,CENTRAL DIVISION,4/26/2024
350,asmurthwaite9p@google.de,Open Email,VACACIONES DE NAVIDAD,CENTRAL DIVISION,1/28/2024
351,kfrayn9q@nydailynews.com,Open Email,VACACIONES DE NAVIDAD,CENTRAL DIVISION,4/28/2024
352,mbenard9r@sourceforge.net,Open Email,VACACIONES DE NAVIDAD,CENTRAL DIVISION,5/15/2024
353,rcoulton9s@hatena.ne.jp,Open Email,VACACIONES DE NAVIDAD,CENTRAL DIVISION,2/16/2024
354,dbrundle9t@godaddy.com,Open Email,VACACIONES DE NAVIDAD,CENTRAL DIVISION,12/15/2024
355,lawty9u@java.com,Open Email,VACACIONES DE NAVIDAD,CENTRAL DIVISION,11/16/2024
356,dbecarra9v@bbb.org,Open Email,VACACIONES DE NAVIDAD,CENTRAL DIVISION,8/26/2024
357,zchilver9w@washingtonpost.com,Open Email,VACACIONES DE NAVIDAD,CENTRAL DIVISION,10/22/2024
358,sgipps9x@indiegogo.com,Open Email,VACACIONES DE NAVIDAD,CENTRAL DIVISION,4/19/2024
359,ttithacott9y@drupal.org,Open Email,VACACIONES DE NAVIDAD,CENTRAL DIVISION,2/27/2024
360,esmogur9z@washingtonpost.com,Open Email,VACACIONES DE NAVIDAD,CENTRAL DIVISION,2024-06-01 00:00:00
361,ugreengrassa0@aol.com,Open Email,VACACIONES DE NAVIDAD,CENTRAL DIVISION,2024-11-01 00:00:00
362,fkermana1@github.com,Open Email,VACACIONES DE NAVIDAD,CENTRAL DIVISION,
363,sarnalla2@time.com,Open Email,VACACIONES DE NAVIDAD,CENTRAL DIVISION,2024-02-03 00:00:00
364,,Open Email,VACACIONES DE NAVIDAD,CENTRAL DIVISION,2024-02-05 00:00:00
365,,Open Email,VACACIONES DE NAVIDAD,CENTRAL DIVISION,
366,srotherfortha5@purevolume.com,Open Email,VACACIONES DE NAVIDAD,CENTRAL DIVISION,
367,ndekeepa6@cnet.com,Open Email,VACACIONES DE NAVIDAD,CENTRAL DIVISION,
368,wabrahamia7@hao123.com,Open Email,VACACIONES DE NAVIDAD,CENTRAL DIVISION,6/27/2024
369,bboaga8@mail.ru,Open Email,VACACIONES DE NAVIDAD,CENTRAL DIVISION,2024-02-06 00:00:00
370,mmencia9@google.cn,Open Email,VACACIONES DE NAVIDAD,CENTRAL DIVISION,11/14/2024
371,dbarefootaa@huffingtonpost.com,Open Email,VACACIONES DE NAVIDAD,CENTRAL DIVISION,10/27/2024
372,ifranklynab@abc.net.au,Open Email,VACACIONES DE NAVIDAD,CENTRAL DIVISION,3/18/2024
373,,Open Email,VACACIONES DE NAVIDAD,CENTRAL DIVISION,9/24/2024
374,rmartinovskyad@feedburner.com,Open Email,VACACIONES DE NAVIDAD,CENTRAL DIVISION,2024-01-09 00:00:00
375,sbaldickae@discovery.com,Open Email,VACACIONES DE NAVIDAD,CENTRAL DIVISION,1/24/2024
376,mdorganaf@myspace.com,Open Email,VACACIONES DE NAVIDAD,CENTRAL DIVISION,2/16/2024
377,lcotilardag@hhs.gov,Open Email,VACACIONES DE NAVIDAD,CENTRAL DIVISION,10/18/2024
378,mmarryattah@imageshack.us,Open Email,VACACIONES DE NAVIDAD,CENTRAL DIVISION,2024-05-11 00:00:00
379,mwingerai@buzzfeed.com,Open Email,VACACIONES DE NAVIDAD,CENTRAL DIVISION,2/18/2024
380,svaneaj@pbs.org,Open Email,VACACIONES DE NAVIDAD,CENTRAL DIVISION,2024-04-09 00:00:00
381,trustidgeak@seesaa.net,Open Email,VACACIONES DE NAVIDAD,CENTRAL DIVISION,8/15/2024
382,tdebenedictisal@gnu.org,Open Email,VACACIONES DE NAVIDAD,CENTRAL DIVISION,5/23/2024
383,lstrangewayam@businesswire.com,Open Email,VACACIONES DE NAVIDAD,CENTRAL DIVISION,12/24/2023
384,jximenezan@icq.com,Open Email,VACACIONES DE NAVIDAD,CENTRAL DIVISION,5/13/2024
385,,Open Email,VACACIONES DE NAVIDAD,CENTRAL DIVISION,5/13/2024
386,aansteeap@cornell.edu,Open Email,VACACIONES DE NAVIDAD,CENTRAL DIVISION,12/15/2024
387,ctremathackaq@ask.com,Open Email,VACACIONES DE NAVIDAD,CENTRAL DIVISION,8/13/2024
388,lmateevar@jiathis.com,Open Email,VACACIONES DE NAVIDAD,CENTRAL DIVISION,2024-05-10 00:00:00
389,mmcgarveyas@cpanel.net,Open Email,VACACIONES DE NAVIDAD,CENTRAL DIVISION,2024-06-07 00:00:00
390,ehenricssonat@youtu.be,Open Email,VACACIONES DE NAVIDAD,CENTRAL DIVISION,
391,jtroutau@bizjournals.com,Open Email,VACACIONES DE NAVIDAD,CENTRAL DIVISION,2024-04-02 00:00:00
392,athynneav@sbwire.com,Open Email,VACACIONES DE NAVIDAD,CENTRAL DIVISION,2024-07-12 00:00:00
393,mmaypotheraw@hexun.com,Open Email,VACACIONES DE NAVIDAD,CENTRAL DIVISION,4/16/2024
394,krimmingtonax@umn.edu,Open Email,VACACIONES DE NAVIDAD,CENTRAL DIVISION,3/29/2024
395,,Open Email,VACACIONES DE NAVIDAD,CENTRAL DIVISION,2024-05-06 00:00:00
396,mmontgomeryaz@purevolume.com,Open Email,VACACIONES DE NAVIDAD,CENTRAL DIVISION,12/23/2023
397,esimmigb0@shop-pro.jp,Open Email,VACACIONES DE NAVIDAD,CENTRAL DIVISION,2024-03-09 00:00:00
398,mferrieresb1@networkadvertising.org,Open Email,VACACIONES DE NAVIDAD,CENTRAL DIVISION,2024-06-07 00:00:00
399,,Open Email,VACACIONES DE NAVIDAD,CENTRAL DIVISION,
400,mmaccardleb3@themeforest.net,Open Email,VACACIONES DE NAVIDAD,CENTRAL DIVISION,3/21/2024
401,fgandyb4@sciencedaily.com,Open Email,VACACIONES DE NAVIDAD,CENTRAL DIVISION,2024-06-01 00:00:00
402,vtottemb5@soup.io,Open Email,VACACIONES DE NAVIDAD,CENTRAL DIVISION,11/22/2024
403,gniceb6@tuttocitta.it,Open Email,VACACIONES DE NAVIDAD,CENTRAL DIVISION,2/27/2024
404,elotteb7@imdb.com,Open Email,VACACIONES DE NAVIDAD,CENTRAL DIVISION,12/24/2023
405,aklimentb8@google.co.uk,Open Email,VACACIONES DE NAVIDAD,CENTRAL DIVISION,
406,dbabbageb9@sogou.com,Open Email,VACACIONES DE NAVIDAD,CENTRAL DIVISION,2024-12-06 00:00:00
407,spauliba@admin.ch,Open Email,VACACIONES DE NAVIDAD,CENTRAL DIVISION,
408,ecampkinbb@soup.io,Open Email,VACACIONES DE NAVIDAD,CENTRAL DIVISION,2024-04-05 00:00:00
409,,Open Email,VACACIONES DE NAVIDAD,CENTRAL DIVISION,2024-02-03 00:00:00
410,tnuttenbd@tumblr.com,Open Email,VACACIONES DE NAVIDAD,CENTRAL DIVISION,2024-10-07 00:00:00
411,rgourleybe@mayoclinic.com,Open Email,VACACIONES DE NAVIDAD,CENTRAL DIVISION,
412,,Open Email,VACACIONES DE NAVIDAD,CENTRAL DIVISION,12/29/2023
413,,Open Email,VACACIONES DE NAVIDAD,CENTRAL DIVISION,1/14/2024
414,rmatherbh@senate.gov,Open Email,VACACIONES DE NAVIDAD,CENTRAL DIVISION,1/16/2024
415,cberickbi@ycombinator.com,Open Email,VACACIONES DE NAVIDAD,CENTRAL DIVISION,8/16/2024
416,iperigobj@wired.com,Open Email,VACACIONES DE NAVIDAD,CENTRAL DIVISION,2024-09-08 00:00:00
417,eskydallbk@imdb.com,Open Email,VACACIONES DE NAVIDAD,CENTRAL DIVISION,3/16/2024
418,pbemandbl@meetup.com,Open Email,VACACIONES DE NAVIDAD,CENTRAL DIVISION,2024-07-02 00:00:00
419,fsaturleybm@seattletimes.com,Open Email,VACACIONES DE NAVIDAD,CENTRAL DIVISION,3/28/2024
420,fmccreabn@home.pl,Open Email,VACACIONES DE NAVIDAD,CENTRAL DIVISION,1/27/2024
421,ndowellbo@over-blog.com,Open Email,VACACIONES DE NAVIDAD,CENTRAL DIVISION,2024-06-10 00:00:00
422,dspelwoodbp@geocities.com,Open Email,VACACIONES DE NAVIDAD,CENTRAL DIVISION,6/21/2024
423,popybq@cocolog-nifty.com,Open Email,VACACIONES DE NAVIDAD,CENTRAL DIVISION,3/16/2024
424,mmacgaheybr@canalblog.com,Open Email,VACACIONES DE NAVIDAD,CENTRAL DIVISION,2024-03-04 00:00:00
425,mbirkheadbs@furl.net,Open Email,VACACIONES DE NAVIDAD,CENTRAL DIVISION,10/18/2024
426,wwerlockbt@oracle.com,Open Email,VACACIONES DE NAVIDAD,CENTRAL DIVISION,6/13/2024
427,,Open Email,VACACIONES DE NAVIDAD,CENTRAL DIVISION,2024-12-03 00:00:00
428,btinerbv@youku.com,Open Email,VACACIONES DE NAVIDAD,CENTRAL DIVISION,2024-12-08 00:00:00
429,curenbw@tuttocitta.it,Open Email,VACACIONES DE NAVIDAD,CENTRAL DIVISION,2024-02-08 00:00:00
430,lsorebx@nature.com,Open Email,VACACIONES DE NAVIDAD,CENTRAL DIVISION,2024-09-10 00:00:00
431,drudeyeardby@psu.edu,Open Email,VACACIONES DE NAVIDAD,CENTRAL DIVISION,2024-03-02 00:00:00
432,eweightmanbz@examiner.com,Open Email,VACACIONES DE NAVIDAD,CENTRAL DIVISION,2024-07-02 00:00:00
433,ojanekc0@yandex.ru,Open Email,VACACIONES DE NAVIDAD,CENTRAL DIVISION,2/20/2024
434,bowensc1@pen.io,Open Email,VACACIONES DE NAVIDAD,CENTRAL DIVISION,1/22/2024
435,dcrichleyc2@cbc.ca,Open Email,VACACIONES DE NAVIDAD,CENTRAL DIVISION,2024-02-07 00:00:00
436,,Open Email,VACACIONES DE NAVIDAD,CENTRAL DIVISION,2024-07-04 00:00:00
437,nbarnettc4@toplist.cz,Open Email,VACACIONES DE NAVIDAD,CENTRAL DIVISION,11/16/2024
438,kbrownbridgec5@topsy.com,Open Email,VACACIONES DE NAVIDAD,CENTRAL DIVISION,2024-07-05 00:00:00
439,egrissc6@toplist.cz,Open Email,VACACIONES DE NAVIDAD,CENTRAL DIVISION,9/25/2024
440,fspeerc7@sogou.com,Open Email,VACACIONES DE NAVIDAD,CENTRAL DIVISION,5/20/2024
441,kbusseyc8@admin.ch,Open Email,VACACIONES DE NAVIDAD,CENTRAL DIVISION,8/20/2024
442,pcornc9@google.it,Open Email,VACACIONES DE NAVIDAD,CENTRAL DIVISION,12/26/2023
443,mdilstonca@dell.com,Open Email,VACACIONES DE NAVIDAD,CENTRAL DIVISION,
444,bgibboncb@zdnet.com,Open Email,VACACIONES DE NAVIDAD,CENTRAL DIVISION,1/13/2024
445,rbendancc@va.gov,Open Email,VACACIONES DE NAVIDAD,CENTRAL DIVISION,2024-03-04 00:00:00
446,ldakecd@shop-pro.jp,Open Email,VACACIONES DE NAVIDAD,CENTRAL DIVISION,2024-08-05 00:00:00
447,dwifece@oaic.gov.au,Open Email,VACACIONES DE NAVIDAD,CENTRAL DIVISION,2024-07-06 00:00:00
448,ahollymancf@parallels.com,Open Email,VACACIONES DE NAVIDAD,CENTRAL DIVISION,2024-09-03 00:00:00
449,plystecg@storify.com,Open Email,VACACIONES DE NAVIDAD,CENTRAL DIVISION,2/17/2024
450,dgirardych@joomla.org,Open Email,VACACIONES DE NAVIDAD,CENTRAL DIVISION,2024-07-05 00:00:00
451,daishfordci@usatoday.com,Open Email,VACACIONES DE NAVIDAD,CENTRAL DIVISION,12/22/2023
452,,Open Email,VACACIONES DE NAVIDAD,CENTRAL DIVISION,2024-03-11 00:00:00
453,malbrock@newyorker.com,Open Email,VACACIONES DE NAVIDAD,CENTRAL DIVISION,2024-07-03 00:00:00
454,jrobertssoncl@dailymail.co.uk,Open Email,VACACIONES DE NAVIDAD,CENTRAL DIVISION,2024-11-04 00:00:00
455,lnealcm@mysql.com,Open Email,VACACIONES DE NAVIDAD,CENTRAL DIVISION,8/19/2024
456,wpawelekcn@abc.net.au,Open Email,VACACIONES DE NAVIDAD,CENTRAL DIVISION,5/26/2024
457,jphippsco@foxnews.com,Open Email,VACACIONES DE NAVIDAD,CENTRAL DIVISION,3/23/2024
458,pphilsoncp@vkontakte.ru,Open Email,VACACIONES DE NAVIDAD,CENTRAL DIVISION,
459,,Open Email,VACACIONES DE NAVIDAD,CENTRAL DIVISION,1/17/2024
460,caspycr@biglobe.ne.jp,Open Email,VACACIONES DE NAVIDAD,CENTRAL DIVISION,8/20/2024
461,leaglingcs@blogger.com,Open Email,VACACIONES DE NAVIDAD,CENTRAL DIVISION,
462,rgirdlerct@discovery.com,Open Email,VACACIONES DE NAVIDAD,CENTRAL DIVISION,8/30/2024
463,cqueyoscu@tinypic.com,Open Email,VACACIONES DE NAVIDAD,CENTRAL DIVISION,2024-10-03 00:00:00
464,egilleasecv@so-net.ne.jp,Open Email,VACACIONES DE NAVIDAD,CENTRAL DIVISION,2024-10-12 00:00:00
465,ccrootecw@abc.net.au,Open Email,VACACIONES DE NAVIDAD,CENTRAL DIVISION,2024-08-01 00:00:00
466,amcmarquiscx@cargocollective.com,Open Email,VACACIONES DE NAVIDAD,CENTRAL DIVISION,12/13/2024
467,,Open Email,VACACIONES DE NAVIDAD,CENTRAL DIVISION,5/28/2024
468,,Open Email,VACACIONES DE NAVIDAD,CENTRAL DIVISION,4/29/2024
469,,Open Email,VACACIONES DE NAVIDAD,CENTRAL DIVISION,
470,fcarnied1@blinklist.com,Open Email,VACACIONES DE NAVIDAD,CENTRAL DIVISION,7/19/2024
471,,Open Email,VACACIONES DE NAVIDAD,CENTRAL DIVISION,2024-02-04 00:00:00
472,egartsyded3@naver.com,Open Email,VACACIONES DE NAVIDAD,CENTRAL DIVISION,7/18/2024
473,,Open Email,VACACIONES DE NAVIDAD,CENTRAL DIVISION,12/17/2024
474,jbusbyd5@livejournal.com,Open Email,VACACIONES DE NAVIDAD,CENTRAL DIVISION,2024-11-12 00:00:00
475,bdibernardod6@shop-pro.jp,Open Email,VACACIONES DE NAVIDAD,CENTRAL DIVISION,2/18/2024
476,adowthwaited7@wikia.com,Open Email,VACACIONES DE NAVIDAD,CENTRAL DIVISION,11/30/2024
477,bdurransd8@instagram.com,Open Email,VACACIONES DE NAVIDAD,CENTRAL DIVISION,2024-12-04 00:00:00
478,,Open Email,VACACIONES DE NAVIDAD,CENTRAL DIVISION,4/24/2024
479,jlahertyda@ebay.co.uk,Open Email,VACACIONES DE NAVIDAD,CENTRAL DIVISION,8/16/2024
480,,Open Email,VACACIONES DE NAVIDAD,CENTRAL DIVISION,2024-12-06 00:00:00
481,jpiddlehintondc@springer.com,Open Email,VACACIONES DE NAVIDAD,CENTRAL DIVISION,
482,,Open Email,VACACIONES DE NAVIDAD,CENTRAL DIVISION,3/30/2024
483,hmathiassende@godaddy.com,Open Email,VACACIONES DE NAVIDAD,CENTRAL DIVISION,2024-06-07 00:00:00
484,dmcgowndf@google.com.br,Open Email,VACACIONES DE NAVIDAD,CENTRAL DIVISION,2024-01-09 00:00:00
485,lderwindg@jiathis.com,Open Email,VACACIONES DE NAVIDAD,CENTRAL DIVISION,10/16/2024
486,tboickdh@tripod.com,Open Email,VACACIONES DE NAVIDAD,CENTRAL DIVISION,12/17/2024
487,eandrzejdi@nsw.gov.au,Open Email,VACACIONES DE NAVIDAD,CENTRAL DIVISION,2024-04-02 00:00:00
488,hmattinsondj@live.com,Open Email,VACACIONES DE NAVIDAD,CENTRAL DIVISION,
489,,Open Email,VACACIONES DE NAVIDAD,CENTRAL DIVISION,12/25/2023
490,mdeacondl@friendfeed.com,Open Email,VACACIONES DE NAVIDAD,CENTRAL DIVISION,2024-06-03 00:00:00
491,ryosevitzdm@vinaora.com,Open Email,VACACIONES DE NAVIDAD,CENTRAL DIVISION,6/27/2024
492,kpurdondn@reverbnation.com,Open Email,VACACIONES DE NAVIDAD,CENTRAL DIVISION,2024-11-03 00:00:00
493,bochterlonydo@vk.com,Open Email,VACACIONES DE NAVIDAD,CENTRAL DIVISION,8/13/2024
494,yrylesdp@wikimedia.org,Open Email,VACACIONES DE NAVIDAD,CENTRAL DIVISION,2024-11-08 00:00:00
495,vbarlingdq@multiply.com,Open Email,VACACIONES DE NAVIDAD,CENTRAL DIVISION,4/27/2024
496,acouserdr@unicef.org,Open Email,VACACIONES DE NAVIDAD,CENTRAL DIVISION,2024-04-09 00:00:00
497,kmedwayds@surveymonkey.com,Open Email,VACACIONES DE NAVIDAD,CENTRAL DIVISION,2024-08-04 00:00:00
498,cbanyarddt@indiatimes.com,Open Email,VACACIONES DE NAVIDAD,CENTRAL DIVISION,12/31/2023
499,bbridgesdu@google.co.jp,Open Email,VACACIONES DE NAVIDAD,CENTRAL DIVISION,4/13/2024
500,cmccrillisdv@printfriendly.com,Open Email,VACACIONES DE NAVIDAD,CENTRAL DIVISION,2024-11-06 00:00:00
501,wbiaggidw@reverbnation.com,Open Email,VACACIONES DE NAVIDAD,CENTRAL DIVISION,2024-11-10 00:00:00
502,rgoldinedx@tinyurl.com,Open Email,VACACIONES DE NAVIDAD,CENTRAL DIVISION,12/18/2023
503,lfitzsymondy@mediafire.com,Open Email,VACACIONES DE NAVIDAD,CENTRAL DIVISION,2024-12-12 00:00:00
504,bwaymontdz@amazon.co.uk,Open Email,VACACIONES DE NAVIDAD,CENTRAL DIVISION,
505,,Open Email,VACACIONES DE NAVIDAD,CENTRAL DIVISION,3/25/2024
506,cdwiree1@microsoft.com,Open Email,VACACIONES DE NAVIDAD,CENTRAL DIVISION,4/30/2024
507,wsehorsche2@webmd.com,Open Email,VACACIONES DE NAVIDAD,CENTRAL DIVISION,12/17/2024
508,dstockbridgee3@naver.com,Open Email,VACACIONES DE NAVIDAD,CENTRAL DIVISION,2024-11-01 00:00:00
509,bcornue4@meetup.com,Open Email,VACACIONES DE NAVIDAD,CENTRAL DIVISION,5/25/2024
510,,Open Email,VACACIONES DE NAVIDAD,CENTRAL DIVISION,6/21/2024
511,rsloate6@slate.com,Open Email,VACACIONES DE NAVIDAD,CENTRAL DIVISION,2024-12-01 00:00:00
512,rallkinse7@desdev.cn,Open Email,VACACIONES DE NAVIDAD,CENTRAL DIVISION,9/20/2024
513,fmaccheynee8@ask.com,Open Email,VACACIONES DE NAVIDAD,CENTRAL DIVISION,5/31/2024
514,cbowelle9@delicious.com,Open Email,VACACIONES DE NAVIDAD,CENTRAL DIVISION,2024-07-05 00:00:00
515,rmaciaszekea@cnbc.com,Open Email,VACACIONES DE NAVIDAD,CENTRAL DIVISION,10/23/2024
516,,Open Email,VACACIONES DE NAVIDAD,CENTRAL DIVISION,2024-06-08 00:00:00
517,kwightec@youku.com,Open Email,VACACIONES DE NAVIDAD,CENTRAL DIVISION,1/17/2024
518,erouffed@unicef.org,Open Email,VACACIONES DE NAVIDAD,CENTRAL DIVISION,7/14/2024
519,rbesnardeauee@mail.ru,Open Email,VACACIONES DE NAVIDAD,CENTRAL DIVISION,6/29/2024
520,clilburneef@typepad.com,Open Email,VACACIONES DE NAVIDAD,CENTRAL DIVISION,5/25/2024
521,craynardeg@wikispaces.com,Open Email,VACACIONES DE NAVIDAD,CENTRAL DIVISION,2024-12-05 00:00:00
522,nbeateyeh@geocities.jp,Open Email,VACACIONES DE NAVIDAD,CENTRAL DIVISION,11/30/2024
523,pnodenei@de.vu,Open Email,VACACIONES DE NAVIDAD,CENTRAL DIVISION,5/15/2024
524,weneverej@artisteer.com,Open Email,VACACIONES DE NAVIDAD,CENTRAL DIVISION,8/18/2024
525,nmatyushkinek@aboutads.info,Open Email,VACACIONES DE NAVIDAD,CENTRAL DIVISION,2024-08-03 00:00:00
526,bchildrenel@hubpages.com,Open Email,VACACIONES DE NAVIDAD,CENTRAL DIVISION,
527,swagerfieldem@dropbox.com,Open Email,VACACIONES DE NAVIDAD,CENTRAL DIVISION,
528,emcdowallen@ox.ac.uk,Open Email,VACACIONES DE NAVIDAD,CENTRAL DIVISION,10/18/2024
529,tizaaceo@webmd.com,Open Email,VACACIONES DE NAVIDAD,CENTRAL DIVISION,2024-10-06 00:00:00
530,cbeachemep@princeton.edu,Open Email,VACACIONES DE NAVIDAD,CENTRAL DIVISION,
531,ahancorneq@cnet.com,Open Email,VACACIONES DE NAVIDAD,CENTRAL DIVISION,2024-03-05 00:00:00
532,wriveloner@foxnews.com,Open Email,VACACIONES DE NAVIDAD,CENTRAL DIVISION,2024-02-01 00:00:00
533,,Open Email,VACACIONES DE NAVIDAD,CENTRAL DIVISION,
534,priggeet@berkeley.edu,Open Email,VACACIONES DE NAVIDAD,CENTRAL DIVISION,8/13/2024
535,wrannieeu@cnbc.com,Open Email,VACACIONES DE NAVIDAD,CENTRAL DIVISION,2024-11-12 00:00:00
536,,Open Email,VACACIONES DE NAVIDAD,CENTRAL DIVISION,2024-12-04 00:00:00
537,chackworthew@typepad.com,Open Email,VACACIONES DE NAVIDAD,CENTRAL DIVISION,8/14/2024
538,gcleenex@mapy.cz,Open Email,VACACIONES DE NAVIDAD,CENTRAL DIVISION,2024-02-03 00:00:00
539,jaymericey@imageshack.us,Open Email,VACACIONES DE NAVIDAD,CENTRAL DIVISION,4/26/2024
540,,Open Email,VACACIONES DE NAVIDAD,CENTRAL DIVISION,2/24/2024
541,cleinweberf0@uiuc.edu,Open Email,VACACIONES DE NAVIDAD,CENTRAL DIVISION,7/18/2024
542,nsenchenkof1@bravesites.com,Open Email,VACACIONES DE NAVIDAD,CENTRAL DIVISION,2/18/2024
543,gwalthof2@uiuc.edu,Open Email,VACACIONES DE NAVIDAD,CENTRAL DIVISION,4/14/2024
544,skeyworthf3@google.fr,Open Email,VACACIONES DE NAVIDAD,CENTRAL DIVISION,9/29/2024
545,sseacroftf4@whitehouse.gov,Open Email,VACACIONES DE NAVIDAD,CENTRAL DIVISION,3/20/2024
546,amckirdyf5@addtoany.com,Open Email,VACACIONES DE NAVIDAD,CENTRAL DIVISION,2024-07-11 00:00:00
547,mhatherleighf6@live.com,Open Email,VACACIONES DE NAVIDAD,CENTRAL DIVISION,7/13/2024
548,dvellf7@shinystat.com,Open Email,VACACIONES DE NAVIDAD,CENTRAL DIVISION,2/19/2024
549,frawlinsf8@guardian.co.uk,Open Email,VACACIONES DE NAVIDAD,CENTRAL DIVISION,1/27/2024
550,jlaidelf9@mysql.com,Open Email,VACACIONES DE NAVIDAD,CENTRAL DIVISION,2024-03-11 00:00:00
551,cvolettefa@hugedomains.com,Open Email,VACACIONES DE NAVIDAD,CENTRAL DIVISION,2024-10-06 00:00:00
552,bbrussellfb@prlog.org,Open Email,VACACIONES DE NAVIDAD,CENTRAL DIVISION,7/14/2024
553,lsaintfc@amazon.co.uk,Open Email,VACACIONES DE NAVIDAD,CENTRAL DIVISION,7/16/2024
554,sbrownseyfd@blinklist.com,Open Email,VACACIONES DE NAVIDAD,CENTRAL DIVISION,2024-09-12 00:00:00
555,wweddupfe@youku.com,Open Email,VACACIONES DE NAVIDAD,CENTRAL DIVISION,10/31/2024
556,cfriedenbachff@networkadvertising.org,Open Email,VACACIONES DE NAVIDAD,CENTRAL DIVISION,9/18/2024
557,,Open Email,VACACIONES DE NAVIDAD,CENTRAL DIVISION,3/22/2024
558,ngilbardfh@simplemachines.org,Open Email,VACACIONES DE NAVIDAD,CENTRAL DIVISION,2024-09-06 00:00:00
559,,Open Email,VACACIONES DE NAVIDAD,CENTRAL DIVISION,2024-06-02 00:00:00
560,hjacobszfj@ca.gov,Open Email,VACACIONES DE NAVIDAD,CENTRAL DIVISION,2024-12-02 00:00:00
561,mpennycordfk@un.org,Open Email,VACACIONES DE NAVIDAD,CENTRAL DIVISION,2024-06-12 00:00:00
562,,Open Email,VACACIONES DE NAVIDAD,CENTRAL DIVISION,
563,vjanewayfm@harvard.edu,Open Email,VACACIONES DE NAVIDAD,CENTRAL DIVISION,
564,atippellfn@un.org,Open Email,VACACIONES DE NAVIDAD,CENTRAL DIVISION,
565,radenetfo@chron.com,Open Email,VACACIONES DE NAVIDAD,CENTRAL DIVISION,2024-04-03 00:00:00
566,cclaigefp@cdc.gov,Open Email,VACACIONES DE NAVIDAD,CENTRAL DIVISION,5/17/2024
567,emaunderfq@state.gov,Open Email,VACACIONES DE NAVIDAD,CENTRAL DIVISION,8/13/2024
568,mmccorriefr@nih.gov,Open Email,VACACIONES DE NAVIDAD,CENTRAL DIVISION,3/20/2024
569,amatterfacefs@reference.com,Open Email,VACACIONES DE NAVIDAD,CENTRAL DIVISION,
570,kmandersft@independent.co.uk,Open Email,VACACIONES DE NAVIDAD,CENTRAL DIVISION,1/25/2024
571,tkieltfu@google.co.uk,Open Email,VACACIONES DE NAVIDAD,CENTRAL DIVISION,
572,ppoinsettfv@mashable.com,Open Email,VACACIONES DE NAVIDAD,CENTRAL DIVISION,2024-12-05 00:00:00
573,mlangfordfw@mashable.com,Open Email,VACACIONES DE NAVIDAD,CENTRAL DIVISION,2024-12-04 00:00:00
574,carkilfx@cam.ac.uk,Open Email,VACACIONES DE NAVIDAD,CENTRAL DIVISION,
575,tashwoodfy@china.com.cn,Open Email,VACACIONES DE NAVIDAD,CENTRAL DIVISION,3/14/2024
576,tgeelyfz@princeton.edu,Open Email,VACACIONES DE NAVIDAD,CENTRAL DIVISION,
577,zskuresg0@last.fm,Open Email,VACACIONES DE NAVIDAD,CENTRAL DIVISION,8/16/2024
578,ehewg1@shareasale.com,Open Email,VACACIONES DE NAVIDAD,CENTRAL DIVISION,2024-09-03 00:00:00
579,tjaradg2@imgur.com,Open Email,VACACIONES DE NAVIDAD,CENTRAL DIVISION,4/18/2024
580,cwalteringg3@reference.com,Open Email,VACACIONES DE NAVIDAD,CENTRAL DIVISION,
581,,Open Email,VACACIONES DE NAVIDAD,CENTRAL DIVISION,6/22/2024
582,fpinckneyg5@yellowbook.com,Open Email,VACACIONES DE NAVIDAD,CENTRAL DIVISION,9/15/2024
583,cskivingtong6@netlog.com,Open Email,VACACIONES DE NAVIDAD,CENTRAL DIVISION,11/16/2024
584,npenninig7@123-reg.co.uk,Open Email,VACACIONES DE NAVIDAD,CENTRAL DIVISION,
585,fcruxg8@netlog.com,Open Email,VACACIONES DE NAVIDAD,CENTRAL DIVISION,2024-12-12 00:00:00
586,,Open Email,VACACIONES DE NAVIDAD,CENTRAL DIVISION,2024-11-09 00:00:00
587,llinnitga@jigsy.com,Open Email,VACACIONES DE NAVIDAD,CENTRAL DIVISION,6/24/2024
588,gwhittingtongb@admin.ch,Open Email,VACACIONES DE NAVIDAD,CENTRAL DIVISION,2024-03-10 00:00:00
589,ehartshorngc@i2i.jp,Open Email,VACACIONES DE NAVIDAD,CENTRAL DIVISION,2024-03-05 00:00:00
590,llongogd@smugmug.com,Open Email,VACACIONES DE NAVIDAD,CENTRAL DIVISION,2024-02-03 00:00:00
591,ehugginge@hubpages.com,Open Email,VACACIONES DE NAVIDAD,CENTRAL DIVISION,1/31/2024
592,,Open Email,VACACIONES DE NAVIDAD,CENTRAL DIVISION,2024-07-08 00:00:00
593,fbosencegg@yellowpages.com,Open Email,VACACIONES DE NAVIDAD,CENTRAL DIVISION,7/28/2024
594,rsauttergh@yelp.com,Open Email,VACACIONES DE NAVIDAD,CENTRAL DIVISION,9/16/2024
595,jdouldengi@rakuten.co.jp,Open Email,VACACIONES DE NAVIDAD,CENTRAL DIVISION,7/17/2024
596,,Open Email,VACACIONES DE NAVIDAD,CENTRAL DIVISION,2024-04-05 00:00:00
597,gogersgk@sogou.com,Open Email,VACACIONES DE NAVIDAD,CENTRAL DIVISION,
598,mjarleygl@paginegialle.it,Open Email,VACACIONES DE NAVIDAD,CENTRAL DIVISION,
599,cnapthinegm@miibeian.gov.cn,Open Email,VACACIONES DE NAVIDAD,CENTRAL DIVISION,
600,,Open Email,VACACIONES DE NAVIDAD,CENTRAL DIVISION,7/16/2024
601,mjowseygo@deviantart.com,Open Email,VACACIONES DE NAVIDAD,CENTRAL DIVISION,9/24/2024
602,,Open Email,VACACIONES DE NAVIDAD,CENTRAL DIVISION,6/15/2024
603,kholylandgq@accuweather.com,Open Email,VACACIONES DE NAVIDAD,CENTRAL DIVISION,2024-01-06 00:00:00
604,colssongr@ezinearticles.com,Open Email,VACACIONES DE NAVIDAD,CENTRAL DIVISION,12/18/2023
605,crevangs@linkedin.com,Open Email,VACACIONES DE NAVIDAD,CENTRAL DIVISION,
606,nstanbrogt@tinyurl.com,Open Email,VACACIONES DE NAVIDAD,CENTRAL DIVISION,2024-05-09 00:00:00
607,,Open Email,VACACIONES DE NAVIDAD,CENTRAL DIVISION,2024-11-10 00:00:00
608,jbaudessongv@wordpress.org,Open Email,VACACIONES DE NAVIDAD,CENTRAL DIVISION,1/27/2024
609,lmatzkegw@symantec.com,Open Email,VACACIONES DE NAVIDAD,CENTRAL DIVISION,
610,,Open Email,VACACIONES DE NAVIDAD,CENTRAL DIVISION,2024-09-06 00:00:00
611,vrubenchikgy@feedburner.com,Open Email,VACACIONES DE NAVIDAD,CENTRAL DIVISION,2024-10-10 00:00:00
612,tsavinegz@github.io,Open Email,VACACIONES DE NAVIDAD,CENTRAL DIVISION,2024-12-08 00:00:00
613,gmacfarlandh0@google.co.jp,Open Email,VACACIONES DE NAVIDAD,CENTRAL DIVISION,2024-04-10 00:00:00
614,,Open Email,VACACIONES DE NAVIDAD,CENTRAL DIVISION,
615,bstoddardh2@jugem.jp,Open Email,VACACIONES DE NAVIDAD,CENTRAL DIVISION,4/15/2024
616,cmcgladeh3@naver.com,Open Email,VACACIONES DE NAVIDAD,CENTRAL DIVISION,8/25/2024
617,asteaneh4@guardian.co.uk,Open Email,VACACIONES DE NAVIDAD,CENTRAL DIVISION,11/17/2024
618,nbertomierh5@spiegel.de,Open Email,VACACIONES DE NAVIDAD,CENTRAL DIVISION,3/30/2024
619,,Open Email,VACACIONES DE NAVIDAD,CENTRAL DIVISION,2024-06-02 00:00:00
620,sbambridgeh7@163.com,Open Email,VACACIONES DE NAVIDAD,CENTRAL DIVISION,2024-11-01 00:00:00
621,losesnaneh8@twitter.com,Open Email,VACACIONES DE NAVIDAD,CENTRAL DIVISION,9/30/2024
622,marlingh9@cafepress.com,Open Email,VACACIONES DE NAVIDAD,CENTRAL DIVISION,2024-08-03 00:00:00
623,mkittha@about.me,Open Email,VACACIONES DE NAVIDAD,CENTRAL DIVISION,4/18/2024
624,ttregennahb@wordpress.org,Open Email,VACACIONES DE NAVIDAD,CENTRAL DIVISION,
625,cjenninshc@mediafire.com,Open Email,VACACIONES DE NAVIDAD,CENTRAL DIVISION,2024-03-10 00:00:00
626,,Open Email,VACACIONES DE NAVIDAD,CENTRAL DIVISION,
627,,Open Email,VACACIONES DE NAVIDAD,CENTRAL DIVISION,
628,kkegginhf@odnoklassniki.ru,Open Email,VACACIONES DE NAVIDAD,CENTRAL DIVISION,2024-08-01 00:00:00
629,,Open Email,VACACIONES DE NAVIDAD,CENTRAL DIVISION,4/23/2024
630,kmckearnenhh@who.int,Open Email,VACACIONES DE NAVIDAD,CENTRAL DIVISION,5/26/2024
631,fredheadhi@nsw.gov.au,Open Email,VACACIONES DE NAVIDAD,CENTRAL DIVISION,6/30/2024
632,crishworthhj@arizona.edu,Open Email,VACACIONES DE NAVIDAD,CENTRAL DIVISION,2024-12-09 00:00:00
633,aedgeleyhk@virginia.edu,Open Email,VACACIONES DE NAVIDAD,CENTRAL DIVISION,11/17/2024
634,npulteneyehl@multiply.com,Open Email,VACACIONES DE NAVIDAD,CENTRAL DIVISION,7/18/2024
635,tcardillohm@deviantart.com,Open Email,VACACIONES DE NAVIDAD,CENTRAL DIVISION,2024-05-11 00:00:00
636,sbomanhn@photobucket.com,Open Email,VACACIONES DE NAVIDAD,CENTRAL DIVISION,1/24/2024
637,mleggingho@google.ca,Open Email,VACACIONES DE NAVIDAD,CENTRAL DIVISION,5/24/2024
638,,Open Email,VACACIONES DE NAVIDAD,CENTRAL DIVISION,2024-07-04 00:00:00
639,,Open Email,VACACIONES DE NAVIDAD,CENTRAL DIVISION,3/22/2024
640,irowlatthr@dropbox.com,Open Email,VACACIONES DE NAVIDAD,CENTRAL DIVISION,
641,mreviehs@blogs.com,Open Email,VACACIONES DE NAVIDAD,CENTRAL DIVISION,1/13/2024
642,choovartht@census.gov,Open Email,VACACIONES DE NAVIDAD,CENTRAL DIVISION,11/21/2024
643,,Open Email,VACACIONES DE NAVIDAD,CENTRAL DIVISION,7/16/2024
644,cpeyntuehv@amazon.de,Open Email,VACACIONES DE NAVIDAD,CENTRAL DIVISION,2024-07-10 00:00:00
645,jopyhw@zimbio.com,Open Email,VACACIONES DE NAVIDAD,CENTRAL DIVISION,2024-03-04 00:00:00
646,aperelhx@wiley.com,Open Email,VACACIONES DE NAVIDAD,CENTRAL DIVISION,
647,ddeanshy@bbc.co.uk,Open Email,VACACIONES DE NAVIDAD,CENTRAL DIVISION,2024-05-01 00:00:00
648,,Open Email,VACACIONES DE NAVIDAD,CENTRAL DIVISION,2/27/2024
649,jwhardleyi0@marriott.com,Open Email,VACACIONES DE NAVIDAD,CENTRAL DIVISION,2024-10-02 00:00:00
650,wmullordi1@prlog.org,Open Email,VACACIONES DE NAVIDAD,CENTRAL DIVISION,2024-08-06 00:00:00
651,dmckeani2@myspace.com,Open Email,VACACIONES DE NAVIDAD,CENTRAL DIVISION,2/16/2024
652,bspenceri3@domainmarket.com,Open Email,VACACIONES DE NAVIDAD,CENTRAL DIVISION,2024-07-01 00:00:00
653,dpenkmani4@amazon.co.uk,Open Email,VACACIONES DE NAVIDAD,CENTRAL DIVISION,2/29/2024
654,mgreswelli5@gizmodo.com,Open Email,VACACIONES DE NAVIDAD,CENTRAL DIVISION,2024-04-06 00:00:00
655,skochei6@google.com.br,Open Email,VACACIONES DE NAVIDAD,CENTRAL DIVISION,7/18/2024
656,nyushankini7@stanford.edu,Open Email,VACACIONES DE NAVIDAD,CENTRAL DIVISION,
657,deakeleyi8@redcross.org,Open Email,VACACIONES DE NAVIDAD,CENTRAL DIVISION,2024-04-05 00:00:00
658,blandeauxi9@bravesites.com,Open Email,VACACIONES DE NAVIDAD,CENTRAL DIVISION,11/14/2024
659,nsnalomia@fc2.com,Open Email,VACACIONES DE NAVIDAD,CENTRAL DIVISION,4/20/2024
660,,Open Email,VACACIONES DE NAVIDAD,CENTRAL DIVISION,2/19/2024
661,,Open Email,VACACIONES DE NAVIDAD,CENTRAL DIVISION,
662,hpikesleyid@mit.edu,Open Email,VACACIONES DE NAVIDAD,CENTRAL DIVISION,
663,aconquestie@ftc.gov,Open Email,VACACIONES DE NAVIDAD,CENTRAL DIVISION,12/24/2023
664,,Open Email,VACACIONES DE NAVIDAD,CENTRAL DIVISION,10/19/2024
665,gpopplestoneig@simplemachines.org,Open Email,VACACIONES DE NAVIDAD,CENTRAL DIVISION,2024-11-09 00:00:00
666,stimmisih@icq.com,Open Email,VACACIONES DE NAVIDAD,CENTRAL DIVISION,12/27/2023
667,ghayii@naver.com,Click Email,VACACIONES DE NAVIDAD,CENTRAL DIVISION,2024-03-11 00:00:00
668,,Click Email,VACACIONES DE NAVIDAD,CENTRAL DIVISION,8/18/2024
669,wberraneik@taobao.com,Click Email,VACACIONES DE NAVIDAD,CENTRAL DIVISION,2/23/2024
670,sbrickneril@weather.com,Click Email,VACACIONES DE NAVIDAD,CENTRAL DIVISION,4/13/2024
671,tcreusim@umich.edu,Click Email,VACACIONES DE NAVIDAD,CENTRAL DIVISION,8/13/2024
672,mlashmarin@ucoz.ru,Click Email,VACACIONES DE NAVIDAD,CENTRAL DIVISION,7/23/2024
673,zronischio@apache.org,Click Email,VACACIONES DE NAVIDAD,CENTRAL DIVISION,
674,gfarreilip@tinypic.com,Click Email,VACACIONES DE NAVIDAD,CENTRAL DIVISION,2024-05-08 00:00:00
675,vpardueiq@furl.net,Click Email,VACACIONES DE NAVIDAD,CENTRAL DIVISION,2024-01-03 00:00:00
676,,Click Email,VACACIONES DE NAVIDAD,CENTRAL DIVISION,2024-10-08 00:00:00
677,,Click Email,VACACIONES DE NAVIDAD,CENTRAL DIVISION,2024-05-07 00:00:00
678,eallonit@thetimes.co.uk,Click Email,VACACIONES DE NAVIDAD,CENTRAL DIVISION,4/15/2024
679,lreidieiu@huffingtonpost.com,Click Email,VACACIONES DE NAVIDAD,CENTRAL DIVISION,10/31/2024
680,akeeleriv@blogs.com,Click Email,VACACIONES DE NAVIDAD,CENTRAL DIVISION,2/19/2024
681,abordissiw@admin.ch,Click Email,VACACIONES DE NAVIDAD,CENTRAL DIVISION,6/16/2024
682,jvequeix@forbes.com,Click Email,VACACIONES DE NAVIDAD,CENTRAL DIVISION,9/26/2024
683,nspringeriy@dagondesign.com,Click Email,VACACIONES DE NAVIDAD,CENTRAL DIVISION,2024-09-05 00:00:00
684,,Click Email,VACACIONES DE NAVIDAD,CENTRAL DIVISION,10/16/2024
685,nfairburnej0@amazon.co.jp,Click Email,VACACIONES DE NAVIDAD,CENTRAL DIVISION,11/15/2024
686,acamblej1@sphinn.com,Click Email,VACACIONES DE NAVIDAD,CENTRAL DIVISION,2024-01-05 00:00:00
687,,Click Email,VACACIONES DE NAVIDAD,CENTRAL DIVISION,2024-12-11 00:00:00
688,vbrummellj3@etsy.com,Click Email,VACACIONES DE NAVIDAD,CENTRAL DIVISION,3/28/2024
689,,Click Email,VACACIONES DE NAVIDAD,CENTRAL DIVISION,2024-12-10 00:00:00
690,irowcliffej5@elegantthemes.com,Click Email,VACACIONES DE NAVIDAD,CENTRAL DIVISION,2024-05-12 00:00:00
691,dstrainej6@soup.io,Click Email,VACACIONES DE NAVIDAD,CENTRAL DIVISION,2024-10-05 00:00:00
692,brolingsonj7@nhs.uk,Click Email,VACACIONES DE NAVIDAD,CENTRAL DIVISION,7/19/2024
693,icostarj8@weebly.com,Click Email,VACACIONES DE NAVIDAD,CENTRAL DIVISION,7/26/2024
694,mportchmouthj9@prnewswire.com,Click Email,VACACIONES DE NAVIDAD,CENTRAL DIVISION,2024-11-09 00:00:00
695,gcarrodusja@cdbaby.com,Click Email,VACACIONES DE NAVIDAD,CENTRAL DIVISION,7/21/2024
696,,Click Email,VACACIONES DE NAVIDAD,CENTRAL DIVISION,7/27/2024
697,rbockejc@auda.org.au,Click Email,VACACIONES DE NAVIDAD,CENTRAL DIVISION,4/20/2024
698,mlawesjd@nifty.com,Click Email,VACACIONES DE NAVIDAD,CENTRAL DIVISION,2024-09-04 00:00:00
699,ielbourneje@friendfeed.com,Click Email,VACACIONES DE NAVIDAD,CENTRAL DIVISION,2024-05-04 00:00:00
700,mfisonjf@fc2.com,Click Email,VACACIONES DE NAVIDAD,CENTRAL DIVISION,
701,gnapolitanojg@statcounter.com,Click Email,VACACIONES DE NAVIDAD,CENTRAL DIVISION,8/29/2024
702,gpersejh@ow.ly,Click Email,VACACIONES DE NAVIDAD,CENTRAL DIVISION,6/14/2024
703,rbrodheadji@wunderground.com,Click Email,VACACIONES DE NAVIDAD,CENTRAL DIVISION,5/17/2024
704,,Click Email,VACACIONES DE NAVIDAD,CENTRAL DIVISION,2024-01-11 00:00:00
705,fbardjk@smugmug.com,Click Email,VACACIONES DE NAVIDAD,CENTRAL DIVISION,2/23/2024
706,lscurfieldjl@shop-pro.jp,Click Email,VACACIONES DE NAVIDAD,CENTRAL DIVISION,2024-07-03 00:00:00
707,jringejm@patch.com,Click Email,VACACIONES DE NAVIDAD,CENTRAL DIVISION,10/31/2024
708,,Click Email,VACACIONES DE NAVIDAD,CENTRAL DIVISION,4/28/2024
709,dwichardjo@ebay.co.uk,Click Email,VACACIONES DE NAVIDAD,CENTRAL DIVISION,2024-08-08 00:00:00
710,,Click Email,VACACIONES DE NAVIDAD,CENTRAL DIVISION,2024-03-04 00:00:00
711,,Click Email,VACACIONES DE NAVIDAD,CENTRAL DIVISION,2024-11-01 00:00:00
712,qstollsteimerjr@cocolog-nifty.com,Click Email,VACACIONES DE NAVIDAD,CENTRAL DIVISION,7/24/2024
713,ppinnigerjs@a8.net,Click Email,VACACIONES DE NAVIDAD,CENTRAL DIVISION,2024-12-01 00:00:00
714,syakubovichjt@state.tx.us,Click Email,VACACIONES DE NAVIDAD,CENTRAL DIVISION,2/20/2024
715,ispatju@seesaa.net,Click Email,VACACIONES DE NAVIDAD,CENTRAL DIVISION,1/14/2024
716,hyezafovichjv@cdbaby.com,Click Email,VACACIONES DE NAVIDAD,CENTRAL DIVISION,2024-02-06 00:00:00
717,fmclicejw@time.com,Click Email,VACACIONES DE NAVIDAD,CENTRAL DIVISION,2024-11-08 00:00:00
718,sfairbrassjx@shop-pro.jp,Click Email,VACACIONES DE NAVIDAD,CENTRAL DIVISION,7/18/2024
719,bdudhilljy@paypal.com,Click Email,VACACIONES DE NAVIDAD,CENTRAL DIVISION,2024-07-08 00:00:00
720,mlabuschagnejz@hibu.com,Click Email,VACACIONES DE NAVIDAD,CENTRAL DIVISION,1/19/2024
721,jmcgorleyk0@over-blog.com,Click Email,VACACIONES DE NAVIDAD,CENTRAL DIVISION,10/22/2024
722,scupittk1@apache.org,Click Email,VACACIONES DE NAVIDAD,CENTRAL DIVISION,2024-06-03 00:00:00
723,,Click Email,VACACIONES DE NAVIDAD,CENTRAL DIVISION,2024-12-02 00:00:00
724,gprobbingsk3@oaic.gov.au,Click Email,VACACIONES DE NAVIDAD,CENTRAL DIVISION,2024-11-11 00:00:00
725,rhaslewoodk4@xing.com,Click Email,VACACIONES DE NAVIDAD,CENTRAL DIVISION,2024-01-11 00:00:00
726,dcrannisk5@latimes.com,Click Email,VACACIONES DE NAVIDAD,CENTRAL DIVISION,10/28/2024
727,jdimatteok6@wisc.edu,Click Email,VACACIONES DE NAVIDAD,CENTRAL DIVISION,11/26/2024
728,ljerramk7@elegantthemes.com,Click Email,VACACIONES DE NAVIDAD,CENTRAL DIVISION,2024-05-05 00:00:00
729,nwestreyk8@aol.com,Click Email,VACACIONES DE NAVIDAD,CENTRAL DIVISION,2024-05-12 00:00:00
730,aedsellk9@chronoengine.com,Click Email,VACACIONES DE NAVIDAD,CENTRAL DIVISION,4/21/2024
731,,Click Email,VACACIONES DE NAVIDAD,CENTRAL DIVISION,9/29/2024
732,dgowerkb@ifeng.com,Click Email,VACACIONES DE NAVIDAD,CENTRAL DIVISION,2024-07-12 00:00:00
733,dpollenkc@fc2.com,Click Email,VACACIONES DE NAVIDAD,CENTRAL DIVISION,
734,awaitingkd@ustream.tv,Click Email,VACACIONES DE NAVIDAD,CENTRAL DIVISION,4/30/2024
735,bharradineke@csmonitor.com,Click Email,VACACIONES DE NAVIDAD,CENTRAL DIVISION,2024-02-10 00:00:00
736,lkelwaybamberkf@alexa.com,Click Email,VACACIONES DE NAVIDAD,CENTRAL DIVISION,9/19/2024
737,,Click Email,VACACIONES DE NAVIDAD,CENTRAL DIVISION,11/30/2024
738,genderwickkh@tumblr.com,Click Email,VACACIONES DE NAVIDAD,CENTRAL DIVISION,
739,eruusaki@purevolume.com,Click Email,VACACIONES DE NAVIDAD,CENTRAL DIVISION,12/18/2023
740,,Click Email,VACACIONES DE NAVIDAD,CENTRAL DIVISION,3/14/2024
741,frainardkk@cargocollective.com,Click Email,VACACIONES DE NAVIDAD,CENTRAL DIVISION,6/13/2024
742,gmorillakl@marketwatch.com,Click Email,VACACIONES DE NAVIDAD,CENTRAL DIVISION,2024-04-09 00:00:00
743,nsimperkm@apple.com,Click Email,VACACIONES DE NAVIDAD,CENTRAL DIVISION,
744,fpringellkn@washington.edu,Click Email,VACACIONES DE NAVIDAD,CENTRAL DIVISION,1/28/2024
745,agonneauko@xing.com,Click Email,VACACIONES DE NAVIDAD,CENTRAL DIVISION,2/18/2024
746,lisenorkp@businessweek.com,Click Email,VACACIONES DE NAVIDAD,CENTRAL DIVISION,7/13/2024
747,kpuzeykq@weebly.com,Click Email,VACACIONES DE NAVIDAD,CENTRAL DIVISION,12/22/2023
748,,Click Email,VACACIONES DE NAVIDAD,CENTRAL DIVISION,8/16/2024
749,lmerrganks@berkeley.edu,Click Email,VACACIONES DE NAVIDAD,CENTRAL DIVISION,
750,esaunperkt@rediff.com,Click Email,VACACIONES DE NAVIDAD,CENTRAL DIVISION,9/29/2024
751,hbanasiakku@mozilla.org,Click Email,VACACIONES DE NAVIDAD,CENTRAL DIVISION,2024-03-07 00:00:00
752,ebentsenkv@quantcast.com,Click Email,VACACIONES DE NAVIDAD,CENTRAL DIVISION,2024-01-08 00:00:00
753,amcviekw@istockphoto.com,Click Email,VACACIONES DE NAVIDAD,CENTRAL DIVISION,
754,,Click Email,VACACIONES DE NAVIDAD,CENTRAL DIVISION,
755,sfebenky@google.cn,Click Email,VACACIONES DE NAVIDAD,CENTRAL DIVISION,2/17/2024
756,dbwykz@mozilla.com,Click Email,VACACIONES DE NAVIDAD,CENTRAL DIVISION,10/19/2024
757,tvuittonl0@ft.com,Click Email,VACACIONES DE NAVIDAD,CENTRAL DIVISION,6/25/2024
758,tmeakinl1@abc.net.au,Click Email,VACACIONES DE NAVIDAD,CENTRAL DIVISION,2024-06-01 00:00:00
759,aodbyl2@mac.com,Click Email,VACACIONES DE NAVIDAD,CENTRAL DIVISION,2024-08-02 00:00:00
760,bpoynorl3@irs.gov,Click Email,VACACIONES DE NAVIDAD,CENTRAL DIVISION,
761,cboninl4@purevolume.com,Click Email,VACACIONES DE NAVIDAD,CENTRAL DIVISION,2024-10-01 00:00:00
762,lfieldhousel5@baidu.com,Click Email,VACACIONES DE NAVIDAD,CENTRAL DIVISION,2024-11-04 00:00:00
763,peddowisl6@fotki.com,Click Email,VACACIONES DE NAVIDAD,CENTRAL DIVISION,6/29/2024
764,soboylel7@mediafire.com,Click Email,VACACIONES DE NAVIDAD,CENTRAL DIVISION,2/15/2024
765,,Click Email,VACACIONES DE NAVIDAD,CENTRAL DIVISION,2024-01-11 00:00:00
766,bridettl9@smugmug.com,Click Email,VACACIONES DE NAVIDAD,CENTRAL DIVISION,10/18/2024
767,lorrola@ycombinator.com,Click Email,VACACIONES DE NAVIDAD,CENTRAL DIVISION,7/18/2024
768,eocalleranlb@google.pl,Click Email,VACACIONES DE NAVIDAD,CENTRAL DIVISION,
769,abeereslc@blogs.com,Click Email,VACACIONES DE NAVIDAD,CENTRAL DIVISION,
770,sfroodld@jugem.jp,Click Email,VACACIONES DE NAVIDAD,CENTRAL DIVISION,12/21/2023
771,rmeccole@nps.gov,Click Email,VACACIONES DE NAVIDAD,CENTRAL DIVISION,12/20/2023
772,phailstonlf@ebay.com,Click Email,VACACIONES DE NAVIDAD,CENTRAL DIVISION,2024-03-08 00:00:00
773,,Click Email,VACACIONES DE NAVIDAD,CENTRAL DIVISION,2024-06-02 00:00:00
774,skenningtonlh@vinaora.com,Click Email,VACACIONES DE NAVIDAD,CENTRAL DIVISION,2024-12-02 00:00:00
775,obassomli@flavors.me,Click Email,VACACIONES DE NAVIDAD,CENTRAL DIVISION,4/25/2024
776,rkyffinlj@usnews.com,Click Email,VACACIONES DE NAVIDAD,CENTRAL DIVISION,2024-09-03 00:00:00
777,lcooksleylk@e-recht24.de,Click Email,VACACIONES DE NAVIDAD,CENTRAL DIVISION,5/27/2024
778,,Click Email,VACACIONES DE NAVIDAD,CENTRAL DIVISION,3/30/2024
779,drennenbachlm@ameblo.jp,Click Email,VACACIONES DE NAVIDAD,CENTRAL DIVISION,7/24/2024
780,bnorquoyln@hugedomains.com,Click Email,VACACIONES DE NAVIDAD,CENTRAL DIVISION,2/19/2024
781,gtowerseylo@amazon.de,Click Email,VACACIONES DE NAVIDAD,CENTRAL DIVISION,2024-08-08 00:00:00
782,,Click Email,VACACIONES DE NAVIDAD,CENTRAL DIVISION,4/27/2024
783,afishlylq@ihg.com,Click Email,VACACIONES DE NAVIDAD,CENTRAL DIVISION,
784,sosuairdlr@sciencedirect.com,Click Email,VACACIONES DE NAVIDAD,CENTRAL DIVISION,11/30/2024
785,sspykingsls@1und1.de,Click Email,VACACIONES DE NAVIDAD,CENTRAL DIVISION,11/17/2024
786,zlukinslt@scribd.com,Click Email,VACACIONES DE NAVIDAD,CENTRAL DIVISION,3/15/2024
787,lplattslu@163.com,Click Email,VACACIONES DE NAVIDAD,CENTRAL DIVISION,2024-02-11 00:00:00
788,dweagenerlv@forbes.com,Click Email,VACACIONES DE NAVIDAD,CENTRAL DIVISION,
789,chutsonlw@booking.com,Click Email,VACACIONES DE NAVIDAD,CENTRAL DIVISION,8/25/2024
790,rborkettlx@dell.com,Click Email,VACACIONES DE NAVIDAD,CENTRAL DIVISION,2/24/2024
791,rklausewitzly@biblegateway.com,Click Email,VACACIONES DE NAVIDAD,CENTRAL DIVISION,
792,gpoinsettlz@tumblr.com,Click Email,VACACIONES DE NAVIDAD,CENTRAL DIVISION,3/17/2024
793,fharrym0@redcross.org,Click Email,VACACIONES DE NAVIDAD,CENTRAL DIVISION,4/30/2024
794,drubrowm1@opera.com,Click Email,VACACIONES DE NAVIDAD,CENTRAL DIVISION,7/29/2024
795,hventonm2@uiuc.edu,Click Email,VACACIONES DE NAVIDAD,CENTRAL DIVISION,7/24/2024
796,kkierm3@reddit.com,Click Email,VACACIONES DE NAVIDAD,CENTRAL DIVISION,9/19/2024
797,krichardsonm4@facebook.com,Click Email,VACACIONES DE NAVIDAD,CENTRAL DIVISION,
798,dszapirom5@addthis.com,Click Email,VACACIONES DE NAVIDAD,CENTRAL DIVISION,4/14/2024
799,cfullalovem6@exblog.jp,Click Email,VACACIONES DE NAVIDAD,CENTRAL DIVISION,6/15/2024
800,rknivettm7@webnode.com,Click Email,VACACIONES DE NAVIDAD,CENTRAL DIVISION,1/17/2024
801,,Click Email,VACACIONES DE NAVIDAD,CENTRAL DIVISION,2024-01-04 00:00:00
802,bwiganm9@indiegogo.com,Click Email,VACACIONES DE NAVIDAD,CENTRAL DIVISION,7/13/2024
803,tromema@amazon.co.uk,Click Email,VACACIONES DE NAVIDAD,CENTRAL DIVISION,9/18/2024
804,nchesmanmb@1688.com,Click Email,VACACIONES DE NAVIDAD,CENTRAL DIVISION,2024-11-10 00:00:00
805,rsandsallanmc@nhs.uk,Click Email,VACACIONES DE NAVIDAD,CENTRAL DIVISION,10/14/2024
806,bmandriermd@mashable.com,Click Email,VACACIONES DE NAVIDAD,CENTRAL DIVISION,9/15/2024
807,trubinchikme@nbcnews.com,Click Email,VACACIONES DE NAVIDAD,CENTRAL DIVISION,1/14/2024
808,,Click Email,VACACIONES DE NAVIDAD,CENTRAL DIVISION,8/31/2024
809,jfilipmg@ocn.ne.jp,Click Email,VACACIONES DE NAVIDAD,CENTRAL DIVISION,
810,gcraftmh@google.co.uk,Click Email,VACACIONES DE NAVIDAD,CENTRAL DIVISION,1/20/2024
811,gleilmi@deliciousdays.com,Click Email,VACACIONES DE NAVIDAD,CENTRAL DIVISION,12/15/2024
812,ppollmj@stumbleupon.com,Click Email,VACACIONES DE NAVIDAD,CENTRAL DIVISION,
813,fkemberymk@rambler.ru,Click Email,VACACIONES DE NAVIDAD,CENTRAL DIVISION,9/13/2024
814,rloynesml@sitemeter.com,Click Email,VACACIONES DE NAVIDAD,CENTRAL DIVISION,10/30/2024
815,rsarremm@unicef.org,Click Email,VACACIONES DE NAVIDAD,CENTRAL DIVISION,2024-03-02 00:00:00
816,vissittmn@hubpages.com,Click Email,VACACIONES DE NAVIDAD,CENTRAL DIVISION,2024-11-08 00:00:00
817,nbaumermo@1688.com,Click Email,VACACIONES DE NAVIDAD,CENTRAL DIVISION,
818,hwelbelovemp@tuttocitta.it,Click Email,VACACIONES DE NAVIDAD,CENTRAL DIVISION,3/16/2024
819,tsawmq@1688.com,Click Email,VACACIONES DE NAVIDAD,CENTRAL DIVISION,
820,,Click Email,VACACIONES DE NAVIDAD,CENTRAL DIVISION,2024-09-04 00:00:00
821,ledmettms@usgs.gov,Click Email,VACACIONES DE NAVIDAD,CENTRAL DIVISION,6/25/2024
822,rdannettmt@hao123.com,Click Email,VACACIONES DE NAVIDAD,CENTRAL DIVISION,8/20/2024
823,gabbysmu@ft.com,Click Email,VACACIONES DE NAVIDAD,CENTRAL DIVISION,12/22/2023
824,,Click Email,VACACIONES DE NAVIDAD,CENTRAL DIVISION,11/20/2024
825,mobradainmw@prweb.com,Click Email,VACACIONES DE NAVIDAD,CENTRAL DIVISION,2024-07-02 00:00:00
826,lenglishbymx@illinois.edu,Click Email,VACACIONES DE NAVIDAD,CENTRAL DIVISION,2024-11-02 00:00:00
827,gmedcalfmy@comcast.net,Click Email,VACACIONES DE NAVIDAD,CENTRAL DIVISION,2024-11-12 00:00:00
828,dsambellsmz@apple.com,Click Email,VACACIONES DE NAVIDAD,CENTRAL DIVISION,
829,afernien0@cbc.ca,Click Email,VACACIONES DE NAVIDAD,CENTRAL DIVISION,5/16/2024
830,dfernandezn1@bigcartel.com,Click Email,VACACIONES DE NAVIDAD,CENTRAL DIVISION,7/25/2024
831,bhavilen2@hhs.gov,Click Email,VACACIONES DE NAVIDAD,CENTRAL DIVISION,3/24/2024
832,,Click Email,VACACIONES DE NAVIDAD,CENTRAL DIVISION,8/26/2024
833,ppervoen4@buzzfeed.com,Click Email,VACACIONES DE NAVIDAD,CENTRAL DIVISION,2024-08-10 00:00:00
834,zleportn5@themeforest.net,Click Email,VACACIONES DE NAVIDAD,CENTRAL DIVISION,4/29/2024
835,csudlown6@nih.gov,Click Email,VACACIONES DE NAVIDAD,CENTRAL DIVISION,7/19/2024
836,,Click Email,VACACIONES DE NAVIDAD,CENTRAL DIVISION,2024-01-06 00:00:00
837,kosullivann8@hubpages.com,Click Email,VACACIONES DE NAVIDAD,CENTRAL DIVISION,9/22/2024
838,ranstern9@google.com,Click Email,VACACIONES DE NAVIDAD,CENTRAL DIVISION,6/22/2024
839,keasmanna@yahoo.com,Click Email,VACACIONES DE NAVIDAD,CENTRAL DIVISION,10/24/2024
840,,Click Email,VACACIONES DE NAVIDAD,CENTRAL DIVISION,3/28/2024
841,rjosovitznc@umich.edu,Click Email,VACACIONES DE NAVIDAD,CENTRAL DIVISION,2/27/2024
842,mboffeynd@woothemes.com,Click Email,VACACIONES DE NAVIDAD,CENTRAL DIVISION,8/31/2024
843,bmacgeffenne@tuttocitta.it,Click Email,VACACIONES DE NAVIDAD,CENTRAL DIVISION,1/24/2024
844,dberninf@live.com,Click Email,VACACIONES DE NAVIDAD,CENTRAL DIVISION,2024-02-10 00:00:00
845,mbunkleng@naver.com,Click Email,VACACIONES DE NAVIDAD,CENTRAL DIVISION,11/20/2024
846,hbeddardnh@de.vu,Click Email,VACACIONES DE NAVIDAD,CENTRAL DIVISION,7/26/2024
847,msimmonsni@oracle.com,Click Email,VACACIONES DE NAVIDAD,CENTRAL DIVISION,4/16/2024
848,chuscroftnj@people.com.cn,Click Email,VACACIONES DE NAVIDAD,CENTRAL DIVISION,10/18/2024
849,lroartynk@sfgate.com,Click Email,VACACIONES DE NAVIDAD,CENTRAL DIVISION,2024-02-05 00:00:00
850,gohannigannl@europa.eu,Click Email,VACACIONES DE NAVIDAD,CENTRAL DIVISION,2024-05-12 00:00:00
851,gcastelnm@tuttocitta.it,Click Email,VACACIONES DE NAVIDAD,CENTRAL DIVISION,2024-07-12 00:00:00
852,,Click Email,VACACIONES DE NAVIDAD,CENTRAL DIVISION,7/28/2024
853,rbeetlesno@soundcloud.com,Click Email,VACACIONES DE NAVIDAD,CENTRAL DIVISION,5/17/2024
854,cwinyardnp@usda.gov,Click Email,VACACIONES DE NAVIDAD,CENTRAL DIVISION,3/13/2024
855,,Click Email,VACACIONES DE NAVIDAD,CENTRAL DIVISION,
856,bmconienr@spiegel.de,Click Email,VACACIONES DE NAVIDAD,CENTRAL DIVISION,7/27/2024
857,mcolebyns@t-online.de,Click Email,VACACIONES DE NAVIDAD,CENTRAL DIVISION,7/17/2024
858,hhuntingnt@yellowpages.com,Click Email,VACACIONES DE NAVIDAD,CENTRAL DIVISION,
859,,Click Email,VACACIONES DE NAVIDAD,CENTRAL DIVISION,
860,adunbobbinnv@yolasite.com,Click Email,VACACIONES DE NAVIDAD,CENTRAL DIVISION,2024-02-12 00:00:00
861,,Click Email,VACACIONES DE NAVIDAD,CENTRAL DIVISION,
862,wbartelsnx@digg.com,Click Email,VACACIONES DE NAVIDAD,CENTRAL DIVISION,4/16/2024
863,esoppethny@sun.com,Click Email,VACACIONES DE NAVIDAD,CENTRAL DIVISION,5/20/2024
864,vbreslinnz@earthlink.net,Click Email,VACACIONES DE NAVIDAD,CENTRAL DIVISION,
865,lhoofeo0@xrea.com,Click Email,VACACIONES DE NAVIDAD,CENTRAL DIVISION,2/18/2024
866,mpetcheo1@digg.com,Click Email,VACACIONES DE NAVIDAD,CENTRAL DIVISION,5/21/2024
867,mhaxello2@slate.com,Click Email,VACACIONES DE NAVIDAD,CENTRAL DIVISION,4/19/2024
868,pstricklando3@exblog.jp,Click Email,VACACIONES DE NAVIDAD,CENTRAL DIVISION,2/15/2024
869,bdwireo4@dailymail.co.uk,Click Email,VACACIONES DE NAVIDAD,CENTRAL DIVISION,2024-10-07 00:00:00
870,ldoeo5@tripadvisor.com,Click Email,VACACIONES DE NAVIDAD,CENTRAL DIVISION,10/14/2024
871,buttermareo6@eepurl.com,Click Email,VACACIONES DE NAVIDAD,CENTRAL DIVISION,2024-08-06 00:00:00
872,lpattulloo7@chicagotribune.com,Click Email,VACACIONES DE NAVIDAD,CENTRAL DIVISION,2/26/2024
873,yhallado8@theglobeandmail.com,Click Email,VACACIONES DE NAVIDAD,CENTRAL DIVISION,2024-07-04 00:00:00
874,dgopsillo9@drupal.org,Click Email,VACACIONES DE NAVIDAD,CENTRAL DIVISION,2/14/2024
875,djeffreysoa@histats.com,Click Email,VACACIONES DE NAVIDAD,CENTRAL DIVISION,2024-07-10 00:00:00
876,lpoletob@buzzfeed.com,Click Email,VACACIONES DE NAVIDAD,CENTRAL DIVISION,7/15/2024
877,hcoursoroc@tinyurl.com,Click Email,VACACIONES DE NAVIDAD,CENTRAL DIVISION,1/17/2024
878,lcorkeod@reuters.com,Click Email,VACACIONES DE NAVIDAD,CENTRAL DIVISION,6/21/2024
879,blaffanoe@ameblo.jp,Click Email,VACACIONES DE NAVIDAD,CENTRAL DIVISION,4/27/2024
880,flaugaof@ow.ly,Click Email,VACACIONES DE NAVIDAD,CENTRAL DIVISION,2024-07-07 00:00:00
881,,Click Email,VACACIONES DE NAVIDAD,CENTRAL DIVISION,2024-04-02 00:00:00
882,shallgalleyoh@oaic.gov.au,Click Email,VACACIONES DE NAVIDAD,CENTRAL DIVISION,2024-04-09 00:00:00
883,ffurberoi@youtube.com,Click Email,VACACIONES DE NAVIDAD,CENTRAL DIVISION,2/28/2024
884,mpooneoj@google.com.hk,Click Email,VACACIONES DE NAVIDAD,CENTRAL DIVISION,2024-07-08 00:00:00
885,mbodocsok@cmu.edu,Click Email,VACACIONES DE NAVIDAD,CENTRAL DIVISION,2024-09-08 00:00:00
886,fcleverol@google.ca,Click Email,VACACIONES DE NAVIDAD,CENTRAL DIVISION,2024-05-05 00:00:00
887,,Click Email,VACACIONES DE NAVIDAD,CENTRAL DIVISION,
888,bepletton@unblog.fr,Click Email,VACACIONES DE NAVIDAD,CENTRAL DIVISION,6/24/2024
889,wmeakesoo@flavors.me,Click Email,VACACIONES DE NAVIDAD,CENTRAL DIVISION,2024-12-08 00:00:00
890,jsiemonsop@wired.com,Click Email,VACACIONES DE NAVIDAD,CENTRAL DIVISION,5/18/2024
891,lluxmooreoq@ebay.co.uk,Click Email,VACACIONES DE NAVIDAD,CENTRAL DIVISION,
892,rgalwayor@cnet.com,Click Email,VACACIONES DE NAVIDAD,CENTRAL DIVISION,8/13/2024
893,sbaggotos@w3.org,Click Email,VACACIONES DE NAVIDAD,CENTRAL DIVISION,5/29/2024
894,mjoyeot@about.me,Click Email,VACACIONES DE NAVIDAD,CENTRAL DIVISION,3/14/2024
895,asheppardou@mlb.com,Click Email,VACACIONES DE NAVIDAD,CENTRAL DIVISION,12/17/2024
896,gdellcasaov@buzzfeed.com,Click Email,VACACIONES DE NAVIDAD,CENTRAL DIVISION,
897,rcoardow@phpbb.com,Click Email,VACACIONES DE NAVIDAD,CENTRAL DIVISION,
898,cdeeleyox@biglobe.ne.jp,Click Email,VACACIONES DE NAVIDAD,CENTRAL DIVISION,12/27/2023
899,,Click Email,VACACIONES DE NAVIDAD,CENTRAL DIVISION,10/24/2024
900,hmorcomboz@yahoo.com,Click Email,VACACIONES DE NAVIDAD,CENTRAL DIVISION,1/13/2024
901,mmcarthurp0@sphinn.com,Click Email,VACACIONES DE NAVIDAD,CENTRAL DIVISION,7/27/2024
902,eyushkovp1@theguardian.com,Click Email,VACACIONES DE NAVIDAD,CENTRAL DIVISION,3/20/2024
903,,Click Email,VACACIONES DE NAVIDAD,CENTRAL DIVISION,2024-07-08 00:00:00
904,hbristowp3@intel.com,Click Email,VACACIONES DE NAVIDAD,CENTRAL DIVISION,
905,vdanp4@omniture.com,Click Email,VACACIONES DE NAVIDAD,CENTRAL DIVISION,
906,mdamrellp5@nature.com,Click Email,VACACIONES DE NAVIDAD,CENTRAL DIVISION,11/13/2024
907,mnorcottp6@google.cn,Click Email,VACACIONES DE NAVIDAD,CENTRAL DIVISION,2024-05-05 00:00:00
908,tdallp7@microsoft.com,Click Email,VACACIONES DE NAVIDAD,CENTRAL DIVISION,7/29/2024
909,msidebothamp8@mashable.com,Click Email,VACACIONES DE NAVIDAD,CENTRAL DIVISION,11/25/2024
910,drydingsp9@auda.org.au,Click Email,VACACIONES DE NAVIDAD,CENTRAL DIVISION,2024-10-07 00:00:00
911,,Click Email,VACACIONES DE NAVIDAD,CENTRAL DIVISION,10/25/2024
912,,Click Email,VACACIONES DE NAVIDAD,CENTRAL DIVISION,12/24/2023
913,dwarmanpc@purevolume.com,Click Email,VACACIONES DE NAVIDAD,CENTRAL DIVISION,5/16/2024
914,creekspd@mapquest.com,Click Email,VACACIONES DE NAVIDAD,CENTRAL DIVISION,2024-12-05 00:00:00
915,bhaskellpe@bravesites.com,Click Email,VACACIONES DE NAVIDAD,CENTRAL DIVISION,11/15/2024
916,,Click Email,VACACIONES DE NAVIDAD,CENTRAL DIVISION,11/17/2024
917,tpiccoppg@washington.edu,Click Email,VACACIONES DE NAVIDAD,CENTRAL DIVISION,3/23/2024
918,ahaltonph@harvard.edu,Click Email,VACACIONES DE NAVIDAD,CENTRAL DIVISION,10/31/2024
919,awhannelpi@washingtonpost.com,Click Email,VACACIONES DE NAVIDAD,CENTRAL DIVISION,9/27/2024
920,lgrinikhinovpj@ucoz.com,Click Email,VACACIONES DE NAVIDAD,CENTRAL DIVISION,6/16/2024
921,,Click Email,VACACIONES DE NAVIDAD,CENTRAL DIVISION,2024-03-12 00:00:00
922,pstennerspl@cargocollective.com,Click Email,VACACIONES DE NAVIDAD,CENTRAL DIVISION,8/24/2024
923,,Click Email,VACACIONES DE NAVIDAD,CENTRAL DIVISION,2024-06-11 00:00:00
924,cyeowellpn@yelp.com,Click Email,VACACIONES DE NAVIDAD,CENTRAL DIVISION,6/24/2024
925,vgrindlaypo@baidu.com,Click Email,VACACIONES DE NAVIDAD,CENTRAL DIVISION,8/27/2024
926,cshavespp@usnews.com,Click Email,VACACIONES DE NAVIDAD,CENTRAL DIVISION,8/30/2024
927,,Click Email,VACACIONES DE NAVIDAD,CENTRAL DIVISION,7/25/2024
928,aresunpr@disqus.com,Click Email,VACACIONES DE NAVIDAD,CENTRAL DIVISION,10/28/2024
929,sangearps@typepad.com,Click Email,VACACIONES DE NAVIDAD,CENTRAL DIVISION,
930,elucianipt@bravesites.com,Click Email,VACACIONES DE NAVIDAD,CENTRAL DIVISION,2024-08-06 00:00:00
931,aprovestpu@imdb.com,Click Email,VACACIONES DE NAVIDAD,CENTRAL DIVISION,1/24/2024
932,bangerpv@icio.us,Click Email,VACACIONES DE NAVIDAD,CENTRAL DIVISION,2024-12-08 00:00:00
933,rfranciskiewiczpw@thetimes.co.uk,Click Email,VACACIONES DE NAVIDAD,CENTRAL DIVISION,2024-08-01 00:00:00
934,hbartoszekpx@fda.gov,Click Email,VACACIONES DE NAVIDAD,CENTRAL DIVISION,2024-09-10 00:00:00
935,tlawtonpy@ameblo.jp,Click Email,VACACIONES DE NAVIDAD,CENTRAL DIVISION,2024-02-05 00:00:00
936,ballsepppz@engadget.com,Click Email,VACACIONES DE NAVIDAD,CENTRAL DIVISION,2/20/2024
937,ebarensenq0@yelp.com,Click Email,VACACIONES DE NAVIDAD,CENTRAL DIVISION,2024-10-10 00:00:00
938,egerritsmaq1@clickbank.net,Click Email,VACACIONES DE NAVIDAD,CENTRAL DIVISION,2024-11-02 00:00:00
939,ejossq2@opera.com,Click Email,VACACIONES DE NAVIDAD,CENTRAL DIVISION,
940,kdeebleq3@census.gov,Click Email,VACACIONES DE NAVIDAD,CENTRAL DIVISION,2024-08-02 00:00:00
941,kwrennallq4@unblog.fr,Click Email,VACACIONES DE NAVIDAD,CENTRAL DIVISION,
942,lcanterq5@cornell.edu,Click Email,VACACIONES DE NAVIDAD,CENTRAL DIVISION,2024-09-12 00:00:00
943,bjamesq6@g.co,Click Email,VACACIONES DE NAVIDAD,CENTRAL DIVISION,2024-12-03 00:00:00
944,tgarstanq7@cbsnews.com,Click Email,VACACIONES DE NAVIDAD,CENTRAL DIVISION,2024-07-04 00:00:00
945,,Click Email,VACACIONES DE NAVIDAD,CENTRAL DIVISION,
946,binsallq9@theguardian.com,Click Email,VACACIONES DE NAVIDAD,CENTRAL DIVISION,9/27/2024
947,vgibbonqa@techcrunch.com,Click Email,VACACIONES DE NAVIDAD,CENTRAL DIVISION,2024-05-10 00:00:00
948,baudreyqb@nationalgeographic.com,Click Email,VACACIONES DE NAVIDAD,CENTRAL DIVISION,3/28/2024
949,,Click Email,VACACIONES DE NAVIDAD,CENTRAL DIVISION,
950,jbevarqd@1688.com,Click Email,VACACIONES DE NAVIDAD,CENTRAL DIVISION,6/27/2024
951,gheersmaqe@free.fr,Click Email,VACACIONES DE NAVIDAD,CENTRAL DIVISION,11/28/2024
952,,Click Email,VACACIONES DE NAVIDAD,CENTRAL DIVISION,
953,,Click Email,VACACIONES DE NAVIDAD,CENTRAL DIVISION,2024-07-10 00:00:00
954,bsonierqh@alexa.com,Click Email,VACACIONES DE NAVIDAD,CENTRAL DIVISION,3/30/2024
955,gdiclaudioqi@xing.com,Click Email,VACACIONES DE NAVIDAD,CENTRAL DIVISION,2024-11-06 00:00:00
956,,Click Email,VACACIONES DE NAVIDAD,CENTRAL DIVISION,
957,ffairbourneqk@usatoday.com,Click Email,VACACIONES DE NAVIDAD,CENTRAL DIVISION,2024-10-12 00:00:00
958,dfedorskiql@domainmarket.com,Click Email,VACACIONES DE NAVIDAD,CENTRAL DIVISION,
959,cfarrawayqm@yandex.ru,Click Email,VACACIONES DE NAVIDAD,CENTRAL DIVISION,12/25/2023
960,espriddleqn@pcworld.com,Click Email,VACACIONES DE NAVIDAD,CENTRAL DIVISION,8/16/2024
961,dreeveqo@goo.gl,Click Email,VACACIONES DE NAVIDAD,CENTRAL DIVISION,2024-05-02 00:00:00
962,knutkinqp@businessweek.com,Click Email,VACACIONES DE NAVIDAD,CENTRAL DIVISION,6/30/2024
963,mixerqq@webs.com,Click Email,VACACIONES DE NAVIDAD,CENTRAL DIVISION,
964,rgilbyqr@indiegogo.com,Click Email,VACACIONES DE NAVIDAD,CENTRAL DIVISION,2024-11-06 00:00:00
965,mparkhouseqs@yolasite.com,Click Email,VACACIONES DE NAVIDAD,CENTRAL DIVISION,2024-01-06 00:00:00
966,,Click Email,VACACIONES DE NAVIDAD,CENTRAL DIVISION,2/21/2024
967,jbarracksqu@blinklist.com,Click Email,VACACIONES DE NAVIDAD,CENTRAL DIVISION,
968,jhowsinqv@studiopress.com,Click Email,VACACIONES DE NAVIDAD,CENTRAL DIVISION,1/28/2024
969,hzettlerqw@ovh.net,Click Email,VACACIONES DE NAVIDAD,CENTRAL DIVISION,
970,gbrehenyqx@prlog.org,Click Email,VACACIONES DE NAVIDAD,CENTRAL DIVISION,9/21/2024
971,lbercerosqy@facebook.com,Click Email,VACACIONES DE NAVIDAD,CENTRAL DIVISION,2024-10-08 00:00:00
972,sosculleyqz@plala.or.jp,Click Email,VACACIONES DE NAVIDAD,CENTRAL DIVISION,12/13/2024
973,gfendleyr0@house.gov,Click Email,VACACIONES DE NAVIDAD,CENTRAL DIVISION,11/24/2024
974,kblitzr1@goodreads.com,Click Email,VACACIONES DE NAVIDAD,CENTRAL DIVISION,
975,hbaystonr2@bluehost.com,Click Email,VACACIONES DE NAVIDAD,CENTRAL DIVISION,4/30/2024
976,smeneghellir3@cnn.com,Click Email,VACACIONES DE NAVIDAD,CENTRAL DIVISION,8/16/2024
977,mmaliar4@webnode.com,Click Email,VACACIONES DE NAVIDAD,CENTRAL DIVISION,7/17/2024
978,rsouttarr5@sciencedirect.com,Click Email,VACACIONES DE NAVIDAD,CENTRAL DIVISION,
979,chayenr6@mlb.com,Click Email,VACACIONES DE NAVIDAD,CENTRAL DIVISION,2024-09-12 00:00:00
980,koraffertyr7@sakura.ne.jp,Click Email,VACACIONES DE NAVIDAD,CENTRAL DIVISION,2024-05-06 00:00:00
981,mpondjonesr8@blog.com,Click Email,VACACIONES DE NAVIDAD,CENTRAL DIVISION,2024-02-11 00:00:00
982,cstreetfieldr9@imdb.com,Click Email,VACACIONES DE NAVIDAD,CENTRAL DIVISION,2024-08-02 00:00:00
983,mlentschra@4shared.com,Click Email,VACACIONES DE NAVIDAD,CENTRAL DIVISION,1/20/2024
984,vstorrahrb@mashable.com,Click Email,VACACIONES DE NAVIDAD,CENTRAL DIVISION,
985,abanghamrc@artisteer.com,Click Email,VACACIONES DE NAVIDAD,CENTRAL DIVISION,
986,mbernardesrd@1688.com,Click Email,VACACIONES DE NAVIDAD,CENTRAL DIVISION,6/21/2024
987,btregidgore@wisc.edu,Click Email,VACACIONES DE NAVIDAD,CENTRAL DIVISION,4/27/2024
988,,Click Email,VACACIONES DE NAVIDAD,CENTRAL DIVISION,2024-11-11 00:00:00
989,kmedwayrg@eventbrite.com,Click Email,VACACIONES DE NAVIDAD,CENTRAL DIVISION,2024-09-11 00:00:00
990,kmuskrh@cnbc.com,Click Email,VACACIONES DE NAVIDAD,CENTRAL DIVISION,2024-06-07 00:00:00
991,egehrtsri@google.co.uk,Click Email,VACACIONES DE NAVIDAD,CENTRAL DIVISION,9/15/2024
992,smoycerj@taobao.com,Click Email,VACACIONES DE NAVIDAD,CENTRAL DIVISION,1/22/2024
993,dranyrk@cargocollective.com,Click Email,VACACIONES DE NAVIDAD,CENTRAL DIVISION,
994,rfrewrl@imageshack.us,Click Email,VACACIONES DE NAVIDAD,CENTRAL DIVISION,10/13/2024
995,tcaderm@google.pl,Click Email,VACACIONES DE NAVIDAD,CENTRAL DIVISION,2024-12-09 00:00:00
996,cwattinhamrn@cpanel.net,Click Email,VACACIONES DE NAVIDAD,CENTRAL DIVISION,1/24/2024
997,gsymero@joomla.org,Click Email,VACACIONES DE NAVIDAD,CENTRAL DIVISION,8/13/2024
998,ibeaulyrp@sciencedaily.com,Click Email,VACACIONES DE NAVIDAD,CENTRAL DIVISION,9/16/2024
999,cgoodboddyrq@soundcloud.com,Click Email,VACACIONES DE NAVIDAD,CENTRAL DIVISION,
1000,jack@twitter.com,Click Email,VACACIONES DE NAVIDAD,CENTRAL DIVISION,
